,,,,,Games,Games,Passing,Passing,Passing,Passing,Passing,Rushing,Rushing,Rushing,Rushing,Receiving,Receiving,Receiving,Receiving,Receiving,Fumbles,Fumbles,Scoring,Scoring,Scoring,Fantasy,Fantasy,Fantasy,Fantasy,Fantasy,Fantasy,Fantasy
Rk,Player,Tm,FantPos,Age,G,GS,Cmp,Att,Yds,TD,Int,Att,Yds,Y/A,TD,Tgt,Rec,Yds,Y/R,TD,Fmb,FL,TD,2PM,2PP,FantPt,PPR,DKPt,FDPt,VBD,PosRank,OvRank
1,Derrick Henry *+\HenrDe00,TEN,RB,26,16,16,0,0,0,0,0,378,2027,5.36,17,31,19,114,6.00,0,3,2,17,1,,314,333.1,341.1,323.6,184,1,1
2,Alvin Kamara*\KamaAl00,NOR,RB,25,15,10,0,0,0,0,0,187,932,4.98,16,107,83,756,9.11,5,1,0,21,,,295,377.8,383.8,336.3,165,2,2
3,Dalvin Cook*\CookDa01,MIN,RB,25,14,14,0,0,0,0,0,312,1557,4.99,16,54,44,361,8.20,1,5,3,17,3,,294,337.8,346.8,315.8,164,3,3
4,Davante Adams*+\AdamDa01,GNB,WR,28,14,14,0,0,0,0,0,0,0,,0,149,115,1374,11.95,18,1,1,18,,,243,358.4,362.4,300.9,117,1,4
5,Travis Kelce*+\KelcTr00,KAN,TE,31,15,15,1,2,4,0,0,0,0,,0,145,105,1416,13.49,11,1,1,11,1,,208,312.8,316.8,260.3,117,1,5
6,Tyreek Hill*+\HillTy00,KAN,WR,26,15,15,0,0,0,0,0,13,123,9.46,2,135,87,1276,14.67,15,1,0,17,,,242,328.9,334.9,285.4,116,2,6
7,Josh Allen*\AlleJo02,BUF,QB,24,16,16,396,572,4544,37,10,102,421,4.13,8,1,1,12,12.00,1,9,6,9,,,395,396.1,418.1,405.6,113,1,7
8,Aaron Rodgers*+\RodgAa00,GNB,QB,37,16,16,372,526,4299,48,5,38,149,3.92,3,1,1,-6,-6.00,0,4,2,3,,,382,383.3,396.3,387.8,100,2,8
9,Kyler Murray*\MurrKy00,ARI,QB,23,16,16,375,558,3971,26,12,133,819,6.16,11,0,0,0,,0,9,4,11,,,379,378.7,400.7,390.7,96,3,9
10,Patrick Mahomes*\MahoPa00,KAN,QB,25,15,15,390,588,4740,38,6,62,308,4.97,2,2,0,0,,0,5,2,2,,3,374,374.4,388.4,380.4,92,4,10
11,Deshaun Watson*\WatsDe00,HOU,QB,25,16,16,382,544,4823,33,7,90,444,4.93,3,0,0,0,,0,8,3,3,,1,369,369.3,385.3,376.3,87,5,11
12,Jonathan Taylor\TaylJo02,IND,RB,21,15,13,0,0,0,0,0,232,1169,5.04,11,39,36,299,8.31,1,1,1,12,,,217,252.8,259.8,234.8,87,4,12
13,Aaron Jones*\JoneAa00,GNB,RB,26,14,14,0,0,0,0,0,201,1104,5.49,9,63,47,355,7.55,2,2,0,11,,,212,258.9,264.9,235.4,82,5,13
14,Darren Waller*\WallDa01,LVR,TE,28,16,15,0,0,0,0,0,0,0,,0,145,107,1196,11.18,9,2,2,9,1,,172,278.6,283.6,225.1,81,2,14
15,David Montgomery\MontDa01,CHI,RB,23,15,14,0,0,0,0,0,247,1070,4.33,8,68,54,438,8.11,2,1,1,10,1,,211,264.8,271.8,237.8,81,6,15
16,Russell Wilson*\WilsRu00,SEA,QB,32,16,16,384,558,4212,40,13,83,513,6.18,2,0,0,0,,0,7,4,2,,1,360,359.8,382.8,372.8,77,6,16
17,Stefon Diggs*+\DiggSt00,BUF,WR,27,16,15,0,0,0,0,0,1,1,1.00,0,166,127,1535,12.09,8,0,0,8,,,202,328.6,331.6,265.1,76,3,17
18,James Robinson\RobiJa00,JAX,RB,22,14,14,0,0,0,0,0,240,1070,4.46,7,60,49,344,7.02,3,3,1,10,1,,201,250.4,257.4,225.9,71,7,18
19,Josh Jacobs*\JacoJo01,LVR,RB,22,15,15,0,0,0,0,0,273,1065,3.90,12,45,33,238,7.21,0,2,2,12,,,198,231.3,239.3,214.8,68,8,19
20,Calvin Ridley\RidlCa00,ATL,WR,26,15,15,0,0,0,0,0,5,1,0.20,0,143,90,1374,15.27,9,1,1,9,1,,192,281.5,285.5,236.5,66,4,20
21,D.K. Metcalf*\MetcDK00,SEA,WR,23,16,16,0,0,0,0,0,0,0,,0,129,83,1303,15.70,10,1,1,10,,,188,271.3,275.3,229.8,62,5,21
22,Nick Chubb*\ChubNi00,CLE,RB,25,12,12,0,0,0,0,0,190,1067,5.62,12,18,16,150,9.38,0,1,1,12,,,192,207.7,214.7,199.7,62,9,22
23,Ryan Tannehill\TannRy00,TEN,QB,32,16,16,315,481,3819,33,7,43,266,6.19,7,1,1,0,0.00,0,6,1,7,2,1,343,344.4,358.4,350.9,61,7,23
24,Justin Jefferson*\JeffJu00,MIN,WR,21,16,14,0,0,0,0,0,1,2,2.00,0,125,88,1400,15.91,7,1,0,7,2,,186,274.2,277.2,230.2,60,6,24
25,Tom Brady\BradTo00,TAM,QB,43,16,16,401,610,4633,40,12,30,6,0.20,3,0,0,0,,0,4,1,3,,,338,337.9,353.9,349.9,55,8,25
26,Adam Thielen\ThieAd00,MIN,WR,30,15,15,0,0,0,0,0,3,15,5.00,0,108,74,925,12.50,14,0,0,14,1,,180,254.0,257.0,217.0,54,7,26
27,Mike Evans\EvanMi00,TAM,WR,27,16,16,0,0,0,0,0,0,0,,0,109,70,1006,14.37,13,0,0,13,,,179,248.6,251.6,213.6,53,8,27
28,A.J. Brown*\BrowAJ00,TEN,WR,23,14,12,0,0,0,0,0,0,0,,0,106,70,1075,15.36,11,2,1,12,,,178,247.5,251.5,212.5,52,9,28
29,Justin Herbert\HerbJu00,LAC,QB,22,15,15,396,595,4336,31,10,55,234,4.25,5,0,0,0,,0,8,1,5,,2,333,332.8,349.8,342.8,50,9,29
30,Lamar Jackson\JackLa00,BAL,QB,23,15,15,242,376,2757,26,9,159,1005,6.32,7,0,0,0,,0,10,4,7,,1,333,332.8,351.8,341.8,50,10,30
31,Kareem Hunt\HuntKa00,CLE,RB,25,16,5,0,0,0,0,0,198,841,4.25,6,51,38,304,8.00,5,2,0,11,,,181,218.5,224.5,199.5,50,10,31
32,DeAndre Hopkins*\HopkDe00,ARI,WR,28,16,16,0,0,0,0,0,1,1,1.00,0,160,115,1407,12.23,6,3,2,6,,,173,287.8,292.8,230.3,47,10,32
33,Ezekiel Elliott\ElliEz00,DAL,RB,25,15,15,0,0,0,0,0,244,979,4.01,6,71,52,338,6.50,2,6,5,8,1,,172,223.7,234.7,197.7,42,11,33
34,Tyler Lockett\LockTy00,SEA,WR,28,16,16,0,0,0,0,0,0,0,,0,132,100,1054,10.54,10,1,0,10,,,165,265.4,268.4,215.4,39,11,34
35,Kenyan Drake\DrakKe00,ARI,RB,26,15,13,0,0,0,0,0,239,955,4.00,10,31,25,137,5.48,0,3,1,10,,,167,192.2,199.2,179.7,37,12,35
36,Melvin Gordon\GordMe00,DEN,RB,27,15,10,0,0,0,0,0,215,986,4.59,9,44,32,158,4.94,1,4,4,10,,,166,198.4,208.4,182.4,36,13,36
37,Antonio Gibson\GibsAn00,WAS,RB,22,14,10,0,0,0,0,0,170,795,4.68,11,44,36,247,6.86,0,1,2,11,,,166,202.2,210.2,184.2,36,14,37
38,Allen Robinson\RobiAl02,CHI,WR,27,16,16,0,0,0,0,0,1,-1,-1.00,0,151,102,1250,12.25,6,0,0,6,,,161,262.9,265.9,211.9,35,12,38
39,Robert Tonyan\TonyRo00,GNB,TE,26,16,8,0,0,0,0,0,0,0,,0,59,52,586,11.27,11,0,0,11,,,125,176.6,179.6,150.6,34,3,39
40,Robert Woods\WoodRo02,LAR,WR,28,16,16,0,0,0,0,0,24,155,6.46,2,129,90,936,10.40,6,2,1,8,,,155,245.1,252.1,200.1,29,13,40
41,Ronald Jones II\JoneRo01,TAM,RB,23,14,13,0,0,0,0,0,192,978,5.09,7,42,28,165,5.89,1,2,2,8,,,158,186.3,194.3,172.3,28,15,41
42,Chase Claypool\ClayCh01,PIT,WR,22,16,6,0,0,0,0,0,10,16,1.60,2,109,62,873,14.08,9,3,1,11,,,153,214.9,218.9,183.9,27,14,42
43,Marvin Jones\JoneMa02,DET,WR,30,16,16,0,0,0,0,0,0,0,,0,115,76,978,12.87,9,0,0,9,,,152,227.8,230.8,189.8,26,15,43
44,Brandin Cooks\CookBr00,HOU,WR,27,15,15,0,0,0,0,0,0,0,,0,119,81,1150,14.20,6,0,0,6,,,151,232.0,235.0,191.5,25,16,44
45,Kirk Cousins\CousKi00,MIN,QB,32,16,16,349,516,4265,35,13,32,156,4.88,1,0,0,0,,0,9,5,1,,5,306,306.2,330.2,319.2,24,11,45
46,Mark Andrews\AndrMa00,BAL,TE,25,14,2,0,0,0,0,0,0,0,,0,88,58,701,12.09,7,2,0,7,,,112,170.1,173.1,141.1,22,4,46
47,Chris Carson\CarsCh00,SEA,RB,26,12,12,0,0,0,0,0,141,681,4.83,5,46,37,287,7.76,4,1,0,9,,,151,187.8,193.8,169.3,21,16,47
48,J.K. Dobbins\DobbJK00,BAL,RB,22,15,1,0,0,0,0,0,134,805,6.01,9,24,18,120,6.67,0,2,0,9,2,,151,168.5,174.5,159.5,20,17,48
49,D.J. Moore\MoorD.00,CAR,WR,23,15,14,0,1,0,0,0,2,22,11.00,0,118,66,1193,18.08,4,0,0,4,,,146,211.5,214.5,178.5,20,17,49
50,Keenan Allen*\AlleKe00,LAC,WR,28,14,13,0,1,0,0,0,1,-1,-1.00,0,147,100,992,9.92,8,3,2,8,1,,145,245.1,250.1,195.1,19,18,50
51,Amari Cooper\CoopAm00,DAL,WR,26,16,15,0,0,0,0,0,6,14,2.33,0,130,92,1114,12.11,5,0,0,5,1,,145,236.8,239.8,190.8,19,19,51
52,T.J. Hockenson*\HockTJ00,DET,TE,23,16,16,0,0,0,0,0,1,0,0.00,0,101,67,723,10.79,6,1,1,6,1,,108,175.3,179.3,141.8,18,5,52
53,CeeDee Lamb\LambCe00,DAL,WR,21,16,14,0,0,0,0,0,10,82,8.20,1,111,74,935,12.64,5,2,1,7,1,,144,217.7,221.7,180.7,18,20,53
54,Mike Davis\DaviMi01,CAR,RB,27,15,12,0,0,0,0,0,165,642,3.89,6,70,59,373,6.32,2,1,1,8,,,148,206.5,213.5,177.0,17,18,54
55,David Johnson\JohnDa08,HOU,RB,29,12,12,0,0,0,0,0,147,691,4.70,6,46,33,314,9.52,2,2,1,8,,,147,179.5,186.5,163.0,16,19,55
56,Mike Gesicki\GesiMi00,MIA,TE,25,15,9,0,0,0,0,0,0,0,,0,85,53,703,13.26,6,0,0,6,,,106,159.3,162.3,132.8,16,6,56
57,Logan Thomas\ThomLo00,WAS,TE,29,16,15,1,1,28,0,0,3,5,1.67,0,110,72,670,9.31,6,0,0,6,,,105,176.6,179.6,140.6,14,7,57
58,Rob Gronkowski\GronRo00,TAM,TE,31,16,16,0,0,0,0,0,0,0,,0,77,45,623,13.84,7,1,0,7,,,104,149.3,152.3,126.8,14,8,58
59,D'Andre Swift\SwifDA00,DET,RB,21,13,4,0,0,0,0,0,114,521,4.57,8,57,46,357,7.76,2,3,2,10,,,144,189.8,197.8,166.8,14,20,59
60,Miles Sanders\SandMi01,PHI,RB,23,12,11,0,0,0,0,0,164,867,5.29,6,52,28,197,7.04,0,4,2,6,2,,142,170.4,178.4,156.4,12,21,60
61,Nelson Agholor\AghoNe00,LVR,WR,27,16,13,0,0,0,0,0,0,0,,0,82,48,896,18.67,8,0,0,8,,,138,185.6,188.6,161.6,12,21,61
62,JuJu Smith-Schuster\SmitJu00,PIT,WR,24,16,14,0,0,0,0,0,0,0,,0,128,97,831,8.57,9,3,1,9,1,,137,234.1,238.1,185.6,11,22,62
63,Terry McLaurin\McLaTe00,WAS,WR,25,15,15,0,0,0,0,0,2,30,15.00,0,134,87,1118,12.85,4,1,1,4,,,137,223.8,227.8,180.3,11,23,63
64,Will Fuller\FullWi01,HOU,WR,26,11,11,0,0,0,0,0,1,0,0.00,0,75,53,879,16.58,8,0,0,8,,,136,188.9,191.9,162.4,10,24,64
65,Clyde Edwards-Helaire\EdwaCl00,KAN,RB,21,13,13,0,0,0,0,0,181,803,4.44,4,54,36,297,8.25,1,0,0,5,,,140,176.0,182.0,158.0,10,22,65
66,Curtis Samuel\SamuCu00,CAR,WR,24,15,5,0,0,0,0,0,41,200,4.88,2,97,77,851,11.05,3,1,0,5,,,135,212.1,218.1,173.6,9,25,66
67,Jonnu Smith\SmitJo01,TEN,TE,25,15,14,0,0,0,0,0,2,4,2.00,1,65,41,448,10.93,8,0,0,9,,,99,140.2,143.2,119.7,9,9,67
68,Todd Gurley\GurlTo01,ATL,RB,26,15,15,0,0,0,0,0,195,678,3.48,9,35,25,164,6.56,0,2,0,9,,,138,163.2,169.2,150.7,8,23,68
69,Diontae Johnson\JohnDi01,PIT,WR,24,15,13,0,0,0,0,0,3,15,5.00,0,144,88,923,10.49,7,2,1,7,,,134,221.8,225.8,177.8,8,26,69
70,Jimmy Graham\GrahJi00,CHI,TE,34,16,15,0,0,0,0,0,0,0,,0,76,50,456,9.12,8,1,0,8,,,94,143.6,146.6,118.6,3,10,70
71,Robby Anderson\AndeRo04,CAR,WR,27,16,16,0,0,0,0,0,4,15,3.75,0,136,95,1096,11.54,3,1,1,3,1,,129,224.1,228.1,176.6,3,27,71
72,Hayden Hurst\HursHa00,ATL,TE,27,16,9,0,0,0,0,0,0,0,,0,88,56,571,10.20,6,0,0,6,,,93,149.1,152.1,121.1,3,11,72
73,Tee Higgins\HiggTe00,CIN,WR,21,16,14,0,0,0,0,0,5,28,5.60,0,108,67,908,13.55,6,1,1,6,,,128,194.6,198.6,161.1,2,28,73
74,Corey Davis\DaviCo03,TEN,WR,25,14,12,0,0,0,0,0,0,0,,0,92,65,984,15.14,5,1,1,5,,,126,191.4,195.4,158.9,,29,74
75,Matt Ryan\RyanMa00,ATL,QB,35,16,16,407,626,4581,26,11,29,92,3.17,2,0,0,0,,0,6,3,2,,1,282,282.4,299.4,293.4,,12,75
76,Chris Godwin\GodwCh00,TAM,WR,24,12,12,0,0,0,0,0,0,0,,0,84,65,840,12.92,7,1,0,7,,,126,191.0,194.0,158.5,,30,76
77,Johnny Stanton\StanJo02,CLE,,26,1,0,0,0,0,0,0,0,0,,0,0,0,0,,0,,0,0,,,,,,,,1,77
78,Nyheim Hines\HineNy00,IND,RB,24,16,2,0,0,0,0,0,89,380,4.27,3,76,63,482,7.65,4,0,0,7,1,,130,193.2,199.2,161.7,,24,78
79,Derek Carr\CarrDe02,LVR,QB,29,16,16,348,517,4103,27,9,39,140,3.59,3,0,0,0,,0,11,8,3,,1,272,272.1,295.1,281.1,,13,
80,Ben Roethlisberger\RoetBe00,PIT,QB,38,15,15,399,608,3803,33,10,25,11,0.44,0,0,0,0,,0,5,1,0,,2,267,267.2,281.2,277.2,,14,
81,Matthew Stafford\StafMa00,DET,QB,32,16,16,339,528,4084,26,10,29,112,3.86,0,1,0,0,,0,2,1,0,,2,261,260.6,277.6,270.6,,15,
82,Cam Newton\NewtCa00,NWE,QB,31,15,15,242,368,2657,8,10,137,592,4.32,12,2,2,35,17.50,1,6,1,13,,1,259,261.0,278.0,270.0,,16,
83,Baker Mayfield\MayfBa00,CLE,QB,25,16,16,305,486,3563,26,8,54,165,3.06,1,1,1,6,6.00,0,8,4,1,,1,248,248.6,266.6,256.1,,17,
84,Teddy Bridgewater\BridTe00,CAR,QB,28,15,15,340,492,3733,15,11,53,279,5.26,5,0,0,0,,0,6,3,5,,1,241,241.2,261.2,252.2,,18,
85,Jared Goff\GoffJa00,LAR,QB,26,15,15,370,552,3952,20,13,51,99,1.94,4,0,0,0,,0,7,4,4,,1,240,240.0,260.0,253.0,,19,
86,Philip Rivers\RivePh00,IND,QB,39,16,16,369,543,4169,24,11,18,-8,-0.44,0,0,0,0,,0,2,1,0,,1,240,240.0,255.0,251.0,,20,
87,Drew Brees\BreeDr00,NOR,QB,41,12,12,275,390,2942,24,6,18,-2,-0.11,2,0,0,0,,0,6,2,2,,,209,209.5,220.5,215.5,,21,
88,Carson Wentz\WentCa00,PHI,QB,28,12,12,251,437,2620,16,15,52,276,5.31,5,0,0,0,,0,10,4,5,,5,198,198.4,223.4,213.4,,22,
89,Drew Lock\LockDr00,DEN,QB,24,13,13,254,443,2933,16,15,44,160,3.64,3,0,0,0,,0,8,3,3,,1,181,181.3,205.3,196.3,,23,
90,Daniel Jones\JoneDa05,NYG,QB,23,14,14,280,448,2943,11,10,65,423,6.51,1,0,0,0,,0,10,6,1,,1,180,180.0,202.0,190.0,,24,
91,Joe Burrow\BurrJo01,CIN,QB,24,10,10,264,404,2688,13,5,37,142,3.84,3,0,0,0,,0,9,4,3,,,174,173.7,188.7,178.7,,25,
92,Gardner Minshew II\MinsGa00,JAX,QB,24,9,8,216,327,2259,16,5,29,153,5.28,1,1,1,0,0.00,0,5,4,1,,1,160,160.7,175.7,165.2,,26,
93,Mitchell Trubisky\TrubMi00,CHI,QB,26,10,9,199,297,2055,16,8,33,195,5.91,1,0,0,0,,0,6,2,1,,1,154,153.7,169.7,161.7,,27,
94,Ryan Fitzpatrick\FitzRy00,MIA,QB,38,9,7,183,267,2091,13,8,30,151,5.03,2,1,1,0,0.00,0,2,0,2,1,2,153,153.7,167.7,161.2,,28,
95,Taysom Hill\HillTa00,NOR,QB,30,16,8,88,121,928,4,2,87,457,5.25,8,12,8,98,12.25,1,10,5,9,,,149,156.6,169.6,154.6,,29,
96,Andy Dalton\DaltAn00,DAL,QB,33,11,9,216,333,2170,14,8,28,114,4.07,0,1,1,-3,-3.00,0,2,1,0,,,136,136.9,151.9,144.4,,30,
97,Dak Prescott\PresDa01,DAL,QB,27,5,5,151,222,1856,9,4,18,93,5.17,3,1,1,11,11.00,1,3,3,4,1,1,135,135.6,145.6,139.1,,32,
98,Tua Tagovailoa\TagoTu00,MIA,QB,22,10,9,186,290,1814,11,5,36,109,3.03,3,0,0,0,,0,1,1,3,,1,135,135.5,147.5,140.5,,31,
99,Sam Darnold\DarnSa00,NYJ,QB,23,12,12,217,364,2208,9,11,37,217,5.86,2,0,0,0,,0,4,2,2,,1,134,134.0,153.0,145.0,,33,
100,James Conner\ConnJa00,PIT,RB,25,13,11,0,0,0,0,0,169,721,4.27,6,43,35,215,6.14,0,2,0,6,,,130,164.6,170.6,147.1,,25,
101,Jeff Wilson\WilsJe01,SFO,RB,25,12,3,0,0,0,0,0,126,600,4.76,7,28,13,133,10.23,3,2,2,10,,,129,142.3,150.3,135.8,,26,
102,Cole Beasley\BeasCo00,BUF,WR,31,15,10,1,1,20,1,0,0,0,,0,107,82,967,11.79,4,0,0,4,,,126,207.5,210.5,166.5,,31,
103,Brandon Aiyuk\AiyuBr00,SFO,WR,22,12,11,0,0,0,0,0,6,77,12.83,2,96,60,748,12.47,5,0,0,7,,,125,184.5,187.5,154.5,,33,
104,Marquise Brown\BrowMa04,BAL,WR,23,16,14,0,0,0,0,0,1,1,1.00,0,100,58,769,13.26,8,0,0,8,,,125,183.0,186.0,154.0,,32,
105,Myles Gaskin\GaskMy00,MIA,RB,23,10,7,0,0,0,0,0,142,584,4.11,3,47,41,388,9.46,2,2,2,5,,,123,164.2,172.2,143.7,,27,
106,Gus Edwards\EdwaGu00,BAL,RB,25,16,6,0,0,0,0,0,144,723,5.02,6,13,9,129,14.33,0,1,1,6,,,119,128.2,135.2,123.7,,28,
107,Cooper Kupp\KuppCo00,LAR,WR,27,15,12,0,0,0,0,0,4,33,8.25,0,124,92,974,10.59,3,1,1,3,,,117,208.7,212.7,162.7,,34,
108,Wayne Gallman\GallWa00,NYG,RB,26,15,10,0,0,0,0,0,147,682,4.64,6,27,21,114,5.43,0,1,0,6,,,116,136.6,142.6,126.1,,29,
109,Jarvis Landry\LandJa00,CLE,WR,28,15,14,4,4,74,1,0,4,10,2.50,1,101,72,840,11.67,3,2,0,4,,,116,188.0,191.0,152.0,,35,
110,Nick Mullens\MullNi00,SFO,QB,25,10,8,211,326,2437,12,12,9,8,0.89,0,0,0,0,,0,6,4,0,,1,116,116.3,135.3,128.3,,34,
111,Chase Edmonds\EdmoCh00,ARI,RB,24,16,2,0,0,0,0,0,97,448,4.62,1,67,53,402,7.58,4,2,0,5,,,115,168.0,174.0,141.5,,30,
112,Tyler Boyd\BoydTy00,CIN,WR,26,15,8,1,2,16,0,0,5,49,9.80,0,110,79,841,10.65,4,1,0,4,,,114,192.6,195.6,153.1,,37,
113,Michael Gallup\GallMi00,DAL,WR,24,16,15,0,0,0,0,0,0,0,,0,105,59,843,14.29,5,0,0,5,,,114,173.3,176.3,143.8,,36,
114,Darrell Henderson\HendDa00,LAR,RB,23,15,11,0,0,0,0,0,138,624,4.52,5,24,16,159,9.94,1,0,0,6,,,114,130.3,136.3,122.3,,31,
115,Jamison Crowder\CrowJa00,NYJ,WR,27,12,7,1,1,43,1,0,1,14,14.00,0,89,59,699,11.85,6,0,0,6,,,113,172.0,175.0,142.5,,38,
116,Latavius Murray\MurrLa00,NOR,RB,30,15,7,0,0,0,0,0,146,656,4.49,4,26,23,176,7.65,1,1,0,5,,,113,136.2,142.2,124.7,,32,
117,Adrian Peterson\PeteAd01,DET,RB,35,16,10,0,0,0,0,0,156,604,3.87,7,18,12,101,8.42,0,0,0,7,,,113,124.5,130.5,118.5,,33,
118,Giovani Bernard\BernGi00,CIN,RB,29,16,10,0,0,0,0,0,124,416,3.35,3,59,47,355,7.55,3,1,1,6,,,111,158.1,165.1,134.6,,36,
119,Austin Ekeler\EkelAu00,LAC,RB,25,10,10,0,0,0,0,0,116,530,4.57,1,65,54,403,7.46,2,1,0,3,,,111,165.3,171.3,138.3,,35,
120,J.D. McKissic\McKiJ.00,WAS,RB,27,16,7,0,0,0,0,0,85,365,4.29,1,110,80,589,7.36,2,3,1,3,,,111,191.4,198.4,151.4,,34,
121,Tim Patrick\PatrTi00,DEN,WR,27,15,15,0,0,0,0,0,0,0,,0,79,51,742,14.55,6,0,0,6,,,110,161.2,164.2,135.7,,39,
122,Russell Gage\GageRu00,ATL,WR,24,16,8,1,2,39,1,0,2,9,4.50,0,109,72,786,10.92,4,0,0,4,,,109,181.1,184.1,145.1,,40,
123,T.Y. Hilton\HiltT.00,IND,WR,31,15,15,0,0,0,0,0,0,0,,0,93,56,762,13.61,5,0,0,5,1,,108,164.2,167.2,136.2,,41,
124,Jalen Hurts\HurtJa00,PHI,QB,22,15,4,77,148,1061,6,4,63,354,5.62,3,1,1,3,3.00,0,9,2,3,,,108,109.1,121.1,112.6,,35,
125,Jerry Jeudy\JeudJe00,DEN,WR,21,16,14,0,0,0,0,0,0,0,,0,113,52,856,16.46,3,2,0,3,1,,106,157.6,160.6,131.6,,43,
126,Devin Singletary\SingDe00,BUF,RB,23,16,16,0,0,0,0,0,156,687,4.40,2,50,38,269,7.08,0,1,1,2,,,106,143.6,150.6,124.6,,37,
127,Mike Williams\WillMi07,LAC,WR,26,15,11,0,0,0,0,0,1,1,1.00,0,85,48,756,15.75,5,0,0,5,,,106,153.7,156.7,129.7,,42,
128,Nick Foles\FoleNi00,CHI,QB,31,9,7,202,312,1852,10,8,16,1,0.06,1,0,0,0,,0,2,0,1,,,104,104.2,115.2,112.2,,36,
129,Emmanuel Sanders\SandEm00,NOR,WR,33,14,5,0,0,0,0,0,1,12,12.00,0,82,61,726,11.90,5,1,0,5,,,104,164.8,167.8,134.3,,45,
130,Marquez Valdes-Scantling\ValdMa00,GNB,WR,26,16,12,0,0,0,0,0,4,13,3.25,0,63,33,690,20.91,6,1,1,6,,,104,137.3,141.3,120.8,,44,
131,DeVante Parker\ParkDe01,MIA,WR,27,14,11,0,0,0,0,0,0,0,,0,103,63,793,12.59,4,1,0,4,,,103,166.3,169.3,134.8,,46,
132,Gabriel Davis\DaviGa01,BUF,WR,21,16,11,0,0,0,0,0,1,0,0.00,0,62,35,599,17.11,7,1,0,7,,,102,136.9,139.9,119.4,,47,
133,DJ Chark\CharDJ00,JAX,WR,24,13,12,0,0,0,0,0,0,0,,0,93,53,706,13.32,5,0,0,5,,,101,153.6,156.6,127.1,,48,
134,Keelan Cole\ColeKe00,JAX,WR,27,16,5,0,0,0,0,0,1,2,2.00,0,88,55,642,11.67,5,0,0,6,,,100,155.4,158.4,127.9,,49,
135,Laviska Shenault Jr.\ShenLa00,JAX,WR,22,14,12,0,0,0,0,0,18,91,5.06,0,79,58,600,10.34,5,0,0,5,,,99,157.1,160.1,128.1,,50,
136,Christian Kirk\KirkCh01,ARI,WR,24,14,10,0,0,0,0,0,2,3,1.50,0,79,48,621,12.94,6,1,0,6,,,98,146.4,149.4,122.4,,51,
137,Sterling Shepard\ShepSt00,NYG,WR,27,12,12,0,0,0,0,0,6,49,8.17,1,90,66,656,9.94,3,0,0,4,1,,97,162.5,165.5,129.5,,52,
138,Leonard Fournette\FourLe00,TAM,RB,25,13,3,0,0,0,0,0,97,367,3.78,6,47,36,233,6.47,0,0,0,6,,,96,132.0,138.0,114.0,,39,
139,Jamaal Williams\WillJa06,GNB,RB,25,14,3,0,0,0,0,0,119,505,4.24,2,35,31,236,7.61,1,0,0,3,2,,96,127.1,133.1,111.6,,38,
140,Julio Jones\JoneJu02,ATL,WR,31,9,9,0,0,0,0,0,0,0,,0,68,51,771,15.12,3,0,0,3,,,95,146.1,149.1,120.6,,53,
141,Jerick McKinnon\McKiJe00,SFO,RB,28,16,4,0,0,0,0,0,81,319,3.94,5,46,33,253,7.67,1,0,0,6,,,93,126.2,132.2,109.7,,40,
142,Zach Pascal\PascZa00,IND,WR,26,16,14,0,1,0,0,0,0,0,,0,71,44,629,14.30,5,0,0,5,,,93,136.9,139.9,114.9,,54,
143,Tony Pollard\PollTo00,DAL,RB,23,16,2,0,0,0,0,0,101,435,4.31,4,40,28,193,6.89,1,0,0,5,,,93,120.8,126.8,106.8,,41,
144,Cam Akers\AkerCa00,LAR,RB,21,13,5,0,0,0,0,0,145,625,4.31,2,14,11,123,11.18,1,1,1,3,,,91,101.8,108.8,96.3,,42,
145,Darnell Mooney\MoonDa00,CHI,WR,23,16,9,0,0,0,0,0,4,20,5.00,0,98,61,631,10.34,4,1,0,4,1,,91,152.1,155.1,121.6,,55,
146,Darius Slayton\SlayDa01,NYG,WR,23,16,15,0,0,0,0,0,2,-1,-0.50,0,96,50,751,15.02,3,1,1,3,,,91,141.0,145.0,116.0,,56,
147,Jared Cook\CookJa02,NOR,TE,33,15,5,0,0,0,0,0,0,0,,0,60,37,504,13.62,7,1,1,7,,,90,127.4,131.4,108.9,,12,
148,Zack Moss\MossZa00,BUF,RB,23,13,0,0,0,0,0,0,112,481,4.29,4,18,14,95,6.79,1,0,0,5,,,88,101.6,104.6,94.6,,43,
149,Noah Fant\FantNo00,DEN,TE,23,15,14,0,0,0,0,0,0,0,,0,93,62,673,10.85,3,0,0,3,1,,87,149.3,152.3,118.3,,13,
150,Mecole Hardman\HardMe00,KAN,WR,22,16,8,0,0,0,0,0,4,31,7.75,0,62,41,560,13.66,4,2,2,5,1,,87,128.1,133.1,107.6,,57,
151,Malcolm Brown\BrowMa03,LAR,RB,27,16,0,0,0,0,0,0,101,419,4.15,5,33,23,162,7.04,0,1,1,5,,,86,109.1,116.1,97.6,,45,
152,Eric Ebron\EbroEr00,PIT,TE,27,15,9,0,0,0,0,0,0,0,,0,91,56,558,9.96,5,1,1,5,1,,86,141.8,145.8,113.8,,14,
153,Damien Harris\HarrDa06,NWE,RB,23,10,10,0,0,0,0,0,137,691,5.04,2,7,5,52,10.40,0,1,0,2,,,86,91.3,94.3,88.8,,44,
154,Hunter Henry\HenrHu00,LAC,TE,26,14,14,0,0,0,0,0,0,0,,0,93,60,613,10.22,4,0,0,4,,,85,145.3,148.3,115.3,,15,
155,Frank Gore\GoreFr00,NYJ,RB,37,15,14,0,0,0,0,0,187,653,3.49,2,19,16,89,5.56,0,1,1,2,,,84,100.2,104.2,92.2,,46,
156,Tyler Higbee\HigbTy00,LAR,TE,27,15,15,0,0,0,0,0,1,1,1.00,0,60,44,521,11.84,5,0,0,5,1,,84,128.2,131.2,106.2,,16,
157,Rashard Higgins\HiggRa00,CLE,WR,26,13,6,0,0,0,0,0,0,0,,0,52,37,599,16.19,4,3,0,4,,,84,120.9,123.9,102.4,,58,
158,Jakobi Meyers\MeyeJa01,NWE,WR,24,14,9,2,2,43,2,0,2,9,4.50,0,81,59,729,12.36,0,1,1,0,1,,84,142.5,146.5,113.0,,60,
159,David Moore\MoorDa03,SEA,WR,25,16,6,0,0,0,0,0,8,61,7.63,0,47,35,417,11.91,6,1,0,6,,,84,118.8,121.8,101.3,,59,
160,Raheem Mostert\MostRa00,SFO,RB,28,8,8,0,0,0,0,0,104,521,5.01,2,19,16,156,9.75,1,1,1,3,,,84,99.7,106.7,91.7,,47,
161,Dalton Schultz\SchuDa00,DAL,TE,24,16,14,0,0,0,0,0,0,0,,0,89,63,615,9.76,4,1,1,4,,,84,146.5,150.5,115.0,,17,
162,Rex Burkhead\BurkRe00,NWE,RB,30,10,0,0,0,0,0,0,67,274,4.09,3,33,25,192,7.68,3,0,0,6,,,83,107.6,113.6,95.1,,48,
163,Kendrick Bourne\BourKe00,SFO,WR,25,15,5,0,0,0,0,0,0,0,,0,74,49,667,13.61,2,0,0,2,1,,81,129.7,132.7,105.2,,61,
164,Greg Ward\WardGr02,PHI,WR,25,16,10,1,1,15,0,0,2,-4,-2.00,0,79,53,419,7.91,6,2,0,6,1,,80,133.1,136.1,106.6,,62,
165,Joe Mixon\MixoJo00,CIN,RB,24,6,6,0,0,0,0,0,119,428,3.60,3,26,21,138,6.57,1,1,1,4,,,79,99.6,106.6,89.1,,49,
166,Evan Engram*\EngrEv00,NYG,TE,26,16,14,0,0,0,0,0,6,26,4.33,1,109,63,654,10.38,1,1,1,2,,,78,141.0,145.0,109.5,,18,
167,Travis Fulgham\FulgTr00,PHI,WR,25,13,8,0,0,0,0,0,0,0,,0,67,38,539,14.18,4,0,0,4,,,78,115.9,118.9,96.9,,63,
168,George Kittle\KittGe00,SFO,TE,27,8,8,0,0,0,0,0,2,17,8.50,0,63,48,634,13.21,2,0,0,2,,,77,125.1,128.1,101.1,,19,
169,Hunter Renfrow\RenfHu00,LVR,WR,25,16,6,0,0,0,0,0,0,0,,0,77,56,656,11.71,2,2,1,2,,,76,131.6,135.6,103.6,,64,
170,Alexander Mattison\MattAl01,MIN,RB,22,13,2,0,0,0,0,0,96,434,4.52,2,15,13,125,9.62,1,0,0,3,,,74,86.9,92.9,80.4,,50,
171,Christian McCaffrey\McCaCh01,CAR,RB,24,3,3,0,0,0,0,0,59,225,3.81,5,19,17,149,8.76,1,0,0,6,,,73,90.4,96.4,81.9,,51,
172,Antonio Brown\BrowAn04,TAM,WR,32,8,4,0,0,0,0,0,2,-2,-1.00,0,62,45,483,10.73,4,0,0,4,,,72,117.1,120.1,94.6,,66,
173,Josh Reynolds\ReynJo00,LAR,WR,25,16,13,0,0,0,0,0,1,5,5.00,0,81,52,618,11.88,2,2,1,2,,,72,124.3,128.3,98.3,,65,
174,Alex Smith\SmitAl03,WAS,QB,36,8,6,168,252,1582,6,8,10,3,0.30,0,0,0,0,,0,2,0,0,,,72,71.6,82.6,79.6,,37,
175,Boston Scott\ScotBo02,PHI,RB,25,16,4,0,0,0,0,0,80,374,4.68,1,36,25,212,8.48,1,2,0,2,,,71,95.6,101.6,83.1,,52,
176,Dallas Goedert\GoedDa00,PHI,TE,25,11,9,0,0,0,0,0,0,0,,0,65,46,524,11.39,3,0,0,3,,,70,116.4,119.4,93.4,,20,
177,Brian Hill\HillBr02,ATL,RB,25,16,1,0,0,0,0,0,100,465,4.65,1,30,25,199,7.96,0,2,1,1,,,70,95.4,102.4,82.9,,53,
178,Isaiah McKenzie\McKeIs00,BUF,WR,25,16,7,1,1,12,1,0,10,9,0.90,0,34,30,282,9.40,5,0,0,6,,,70,99.6,102.6,84.6,,67,
179,Scott Miller\MillSc01,TAM,WR,23,16,5,0,0,0,0,0,3,14,4.67,0,53,33,501,15.18,3,0,0,3,,,70,102.5,105.5,86.0,,68,
180,Devontae Booker\BookDe00,LVR,RB,28,16,1,0,0,0,0,0,93,423,4.55,3,21,17,84,4.94,0,1,0,3,,,69,85.7,88.7,77.2,,55,
181,Jalen Guyton\GuytJa01,LAC,WR,23,16,9,0,0,0,0,0,2,0,0.00,0,55,28,511,18.25,3,0,0,3,,,69,97.1,100.1,83.1,,70,
182,Carlos Hyde\HydeCa00,SEA,RB,30,10,1,0,0,0,0,0,81,356,4.40,4,20,16,93,5.81,0,1,0,4,,,69,84.9,87.9,76.9,,54,
183,Breshad Perriman\PerrBr02,NYJ,WR,27,12,12,0,0,0,0,0,1,6,6.00,0,60,30,505,16.83,3,0,0,3,,,69,99.1,102.1,84.1,,71,
184,Irv Smith Jr.\SmitIr01,MIN,TE,22,13,7,0,0,0,0,0,0,0,,0,43,30,365,12.17,5,0,0,5,1,,69,98.5,101.5,83.5,,21,
185,Tre'Quan Smith\SmitTr03,NOR,WR,24,14,10,0,0,0,0,0,1,3,3.00,0,50,34,448,13.18,4,1,0,4,,,69,103.1,106.1,86.1,,72,
186,James Washington\WashJa00,PIT,WR,24,16,7,0,0,0,0,0,0,0,,0,56,30,392,13.07,5,0,0,5,,,69,99.2,102.2,84.2,,69,
187,Damiere Byrd\ByrdDa00,NWE,WR,27,16,14,0,0,0,0,0,2,15,7.50,0,77,47,604,12.85,1,3,0,1,,,68,114.9,117.9,91.4,,73,
188,Dwayne Haskins\HaskDw00,WAS,QB,23,7,6,148,241,1439,5,7,20,46,2.30,1,0,0,0,,0,6,3,1,,,68,68.2,81.2,75.2,,38,
189,Austin Hooper\HoopAu00,CLE,TE,26,13,13,0,0,0,0,0,0,0,,0,70,46,435,9.46,4,0,0,4,,,68,113.5,116.5,90.5,,22,
190,Sony Michel\MichSo00,NWE,RB,25,9,6,0,0,0,0,0,79,449,5.68,1,9,7,114,16.29,1,0,0,2,,,68,75.3,81.3,71.8,,56,
191,James White\WhitJa02,NWE,RB,28,14,0,0,0,0,0,0,35,121,3.46,2,62,49,375,7.65,1,1,0,3,,,68,116.6,122.6,92.1,,57,
192,Dan Arnold\ArnoDa00,ARI,TE,25,16,5,0,0,0,0,0,0,0,,0,45,31,438,14.13,4,2,1,4,,,66,96.8,100.8,81.3,,23,
193,Kalen Ballage\BallKa00,2TM,RB,25,11,2,0,0,0,0,0,91,303,3.33,3,37,29,166,5.72,0,1,0,3,,,65,93.9,99.9,79.4,,58,
194,Allen Lazard\LazaAl00,GNB,WR,25,10,9,0,0,0,0,0,2,17,8.50,0,46,33,451,13.67,3,0,0,3,,,65,97.8,100.8,81.3,,74,
195,Benny Snell Jr.\SnelBe00,PIT,RB,22,16,3,0,0,0,0,0,111,368,3.32,4,14,10,61,6.10,0,2,1,4,,,65,74.9,78.9,69.9,,59,
196,Odell Beckham Jr.\BeckOd00,CLE,WR,28,7,7,1,1,18,0,0,3,72,24.00,1,43,23,319,13.87,3,0,0,4,,,64,86.8,89.8,75.3,,76,
197,John Brown\BrowJo02,BUF,WR,30,9,8,0,0,0,0,0,0,0,,0,52,33,458,13.88,3,0,0,3,,,64,96.8,99.8,80.3,,77,
198,Jimmy Garoppolo\GaroJi00,SFO,QB,29,6,6,94,140,1096,7,5,10,25,2.50,0,0,0,0,,0,2,0,0,,,64,64.3,72.3,69.3,,39,
199,A.J. Green\GreeA.00,CIN,WR,32,16,14,0,0,0,0,0,0,0,,0,104,47,523,11.13,2,0,0,2,,,64,111.3,114.3,87.8,,75,
200,Kyle Juszczyk*\JuszKy00,SFO,RB,29,16,15,0,0,0,0,0,17,64,3.76,2,29,19,202,10.63,4,1,0,6,,,63,81.6,84.6,72.1,,60,
201,Demarcus Robinson\RobiDe01,KAN,WR,26,16,9,0,0,0,0,0,0,0,,0,59,45,466,10.36,3,2,1,3,,,63,107.6,111.6,85.1,,78,
202,Randall Cobb\CobbRa00,HOU,WR,30,10,2,0,1,0,0,0,0,0,,0,48,38,441,11.61,3,0,0,3,,,62,100.1,103.1,81.1,,79,
203,Mike Glennon\GlenMi00,JAX,QB,31,5,5,111,179,1072,7,5,6,17,2.83,0,0,0,0,,0,2,2,0,,1,61,60.6,70.6,65.6,,40,
204,Willie Snead\SneaWi00,BAL,WR,28,13,8,0,0,0,0,0,0,0,,0,48,33,432,13.09,3,1,0,3,,,61,94.2,97.2,77.7,,80,
205,Danny Amendola\AmenDa00,DET,WR,35,14,5,0,0,0,0,0,1,2,2.00,0,69,46,602,13.09,0,0,0,0,,,60,106.4,109.4,83.4,,81,
206,Braxton Berrios\BerrBr00,NYJ,WR,25,16,2,0,0,0,0,0,3,29,9.67,0,55,37,394,10.65,3,0,0,3,,,60,97.3,100.3,78.8,,82,
207,KJ Hamler\HamlKJ00,DEN,WR,21,13,4,0,0,0,0,0,9,40,4.44,0,56,30,381,12.70,3,2,0,3,,,60,90.1,93.1,75.1,,83,
208,Tyron Johnson\JohnTy03,LAC,WR,24,12,0,0,0,0,0,0,3,17,5.67,0,26,20,398,19.90,3,0,0,3,,,60,79.5,82.5,69.5,,85,
209,Anthony Miller\MillAn02,CHI,WR,26,16,6,0,0,0,0,0,2,12,6.00,0,76,49,485,9.90,2,2,1,2,,,60,108.7,112.7,84.2,,84,
210,Le'Veon Bell\BellLe00,2TM,RB,28,11,4,0,0,0,0,0,82,328,4.00,2,20,16,138,8.63,0,1,0,2,,,59,74.6,80.6,66.6,,62,
211,Phillip Lindsay\LindPh00,DEN,RB,26,11,8,0,0,0,0,0,118,502,4.25,1,14,7,28,4.00,0,0,0,1,,,59,66.0,69.0,62.5,,61,
212,Michael Pittman Jr.\PittMi01,IND,WR,23,13,8,0,0,0,0,0,3,26,8.67,0,61,40,503,12.58,1,0,0,1,,,59,98.9,101.9,78.9,,86,
213,Salvon Ahmed\AhmeSa01,MIA,RB,22,6,4,0,0,0,0,0,75,319,4.25,3,14,11,61,5.55,0,0,0,3,1,,58,69.0,72.0,63.5,,64,
214,Joshua Kelley\KellJo01,LAC,RB,23,14,0,0,0,0,0,0,111,354,3.19,2,23,23,148,6.43,0,2,2,2,,,58,81.2,89.2,69.7,,63,
215,Henry Ruggs III\RuggHe00,LVR,WR,21,13,12,0,0,0,0,0,9,49,5.44,0,43,26,452,17.38,2,2,2,2,,,58,84.1,89.1,71.1,,87,
216,Chris Conley\ConlCh00,JAX,WR,28,15,4,0,0,0,0,0,0,0,,0,63,40,471,11.78,2,1,1,2,,,57,97.1,101.1,77.1,,88,
217,Preston Williams\WillPr01,MIA,WR,23,8,7,0,0,0,0,0,0,0,,0,35,18,288,16.00,4,0,0,4,2,,57,74.8,77.8,65.8,,89,
218,Duke Johnson\JohnDu00,HOU,RB,27,11,5,0,0,0,0,0,77,235,3.05,1,35,28,249,8.89,1,3,2,2,,,56,84.4,92.4,70.4,,65,
219,Jalen Reagor\ReagJa00,PHI,WR,21,11,11,0,0,0,0,0,4,26,6.50,0,54,31,396,12.77,1,2,0,2,1,,56,87.2,90.2,71.7,,90,
220,Trey Burton\BurtTr01,IND,TE,29,13,4,0,0,0,0,0,2,3,1.50,2,47,28,250,8.93,3,0,0,5,,,55,83.3,86.3,69.3,,24,
221,Darren Fells\FellDa01,HOU,TE,34,16,14,0,0,0,0,0,0,0,,0,28,21,312,14.86,4,0,0,4,,,55,76.2,79.2,65.7,,25,
222,Joe Flacco\FlacJo00,NYJ,QB,35,5,4,74,134,864,6,3,6,22,3.67,0,0,0,0,,0,1,0,0,,,55,54.8,60.8,57.8,,41,
223,Samaje Perine\PeriSa00,CIN,RB,25,16,1,0,0,0,0,0,63,301,4.78,3,12,11,66,6.00,0,0,0,3,,,55,65.7,68.7,60.2,,66,
224,Keke Coutee\CoutKe00,HOU,WR,23,8,4,0,0,0,0,0,0,0,,0,40,33,400,12.12,3,4,3,3,1,,54,87.0,93.0,70.5,,92,
225,Cam Sims\SimsCa00,WAS,WR,24,16,10,0,0,0,0,0,1,5,5.00,0,48,32,477,14.91,1,1,0,1,,,54,86.2,89.2,70.2,,91,
226,Kerryon Johnson\JohnKe06,DET,RB,23,16,2,0,0,0,0,0,52,181,3.48,2,26,19,187,9.84,1,1,1,3,,,53,71.8,78.8,62.3,,67,
227,C.J. Beathard\BeatC.00,SFO,QB,27,6,2,66,104,787,6,0,6,28,4.67,0,0,0,0,,0,3,3,0,,,52,52.3,58.3,52.3,,42,
228,Gerald Everett\EverGe00,LAR,TE,26,16,7,0,0,0,0,0,1,2,2.00,1,62,41,417,10.17,1,1,1,2,,,52,92.9,96.9,72.4,,26,
229,Golden Tate\TateGo00,NYG,WR,32,12,4,1,2,18,0,0,0,0,,0,52,35,388,11.09,2,0,0,2,,,52,86.5,89.5,69.0,,93,
230,Peyton Barber\BarbPe01,WAS,RB,26,16,2,0,0,0,0,0,94,258,2.74,4,7,4,12,3.00,0,0,0,4,,,51,55.0,58.0,53.0,,68,
231,Miles Boykin\BoykMi00,BAL,WR,24,16,13,0,0,0,0,0,0,0,,0,33,19,266,14.00,4,0,0,4,,,51,69.6,72.6,60.1,,95,
232,Jakeem Grant\GranJa00,MIA,WR,28,14,4,0,0,0,0,0,3,20,6.67,0,54,36,373,10.36,1,2,0,2,,,51,87.3,90.3,69.3,,94,
233,Brandon Allen\AlleBr00,CIN,QB,28,5,5,90,142,925,5,4,13,27,2.08,0,1,0,0,,0,1,1,0,,,50,49.7,57.7,53.7,,43,
234,Sammy Watkins\WatkSa00,KAN,WR,27,10,9,0,1,0,0,1,1,3,3.00,0,55,37,421,11.38,2,1,1,2,,,50,87.4,92.4,69.9,,96,
235,Mo Alie-Cox\AlieMo00,IND,TE,27,15,6,0,0,0,0,0,0,0,,0,39,31,394,12.71,2,1,1,2,,,49,80.4,84.4,64.9,,27,
236,Jordan Wilkins\WilkJo01,IND,RB,26,15,0,0,0,0,0,0,84,308,3.67,1,16,12,105,8.75,0,0,0,1,1,,49,61.3,67.3,55.3,,69,
237,Cordarrelle Patterson*+\PattCo00,CHI,WR,29,16,3,0,0,0,0,0,64,232,3.63,1,25,21,132,6.29,0,0,0,2,,,48,69.4,75.4,58.9,,97,
238,Deebo Samuel\SamuDe00,SFO,WR,24,7,5,0,0,0,0,0,8,26,3.25,0,44,33,391,11.85,1,0,0,1,,,48,80.7,83.7,64.2,,98,
239,Jordan Akins\AkinJo00,HOU,TE,28,13,5,0,0,0,0,0,1,4,4.00,0,49,37,403,10.89,1,0,0,1,,,47,83.7,86.7,65.2,,30,
240,Quintez Cephus\CephQu00,DET,WR,22,13,2,0,0,0,0,0,0,0,,0,35,20,349,17.45,2,0,0,2,,,47,66.9,69.9,56.9,,99,
241,Tyler Eifert\EifeTy00,JAX,TE,30,15,4,0,0,0,0,0,0,0,,0,60,36,349,9.69,2,0,0,2,,,47,82.9,85.9,64.9,,29,
242,Larry Fitzgerald\FitzLa00,ARI,WR,37,13,13,0,0,0,0,0,0,0,,0,72,54,409,7.57,1,0,0,1,,,47,100.9,103.9,73.9,,100,
243,Mark Ingram\IngrMa01,BAL,RB,31,11,9,0,0,0,0,0,72,299,4.15,2,8,6,50,8.33,0,0,0,2,,,47,52.9,55.9,49.9,,71,
244,Ty Johnson\JohnTy02,2TM,RB,23,13,1,0,0,0,0,0,54,254,4.70,1,21,16,99,6.19,1,0,0,2,,,47,63.3,66.3,55.3,,70,
245,Jordan Reed\ReedJo02,SFO,TE,30,10,1,0,0,0,0,0,0,0,,0,46,26,231,8.88,4,0,0,4,,,47,73.1,76.1,60.1,,28,
246,Richard Rodgers\RodgRi00,PHI,TE,28,14,4,0,0,0,0,0,0,0,,0,31,24,345,14.38,2,0,0,2,,,47,70.5,73.5,58.5,,31,
247,Kenny Golladay\GollKe00,DET,WR,27,5,5,0,0,0,0,0,0,0,,0,32,20,338,16.90,2,0,0,2,,,46,65.8,68.8,55.8,,101,
248,Justin Jackson\JackJu01,LAC,RB,24,9,4,0,0,0,0,0,59,270,4.58,0,24,19,173,9.11,0,0,0,0,1,,46,65.3,71.3,55.8,,72,
249,Kyle Allen\AlleKy00,WAS,QB,24,4,4,60,87,610,4,1,7,26,3.71,1,0,0,0,,0,1,1,1,,,45,45.0,50.0,46.0,,44,
250,Anthony Firkser\FirkAn00,TEN,TE,25,16,1,0,0,0,0,0,0,0,,0,53,39,387,9.92,1,0,0,1,,,45,83.7,86.7,64.2,,32,
251,Donovan Peoples-Jones\PeopDo00,CLE,WR,21,12,2,0,0,0,0,0,0,0,,0,20,14,304,21.71,2,0,0,2,1,,44,58.4,61.4,51.4,,102,
252,Michael Thomas\ThomMi05,NOR,WR,27,7,5,0,0,0,0,0,1,1,1.00,0,55,40,438,10.95,0,0,0,0,,,44,83.9,86.9,63.9,,103,
253,Chris Herndon\HernCh00,NYJ,TE,24,16,13,0,0,0,0,0,0,0,,0,45,31,287,9.26,3,2,2,3,,,43,73.7,78.7,58.2,,34,
254,Dawson Knox\KnoxDa00,BUF,TE,24,12,7,0,0,0,0,0,0,0,,0,44,24,288,12.00,3,2,2,3,,,43,66.8,71.8,54.8,,33,
255,Zach Ertz\ErtzZa00,PHI,TE,30,11,11,0,0,0,0,0,0,0,,0,72,36,335,9.31,1,0,0,1,1,,42,77.5,80.5,59.5,,35,
256,Marvin Hall\HallMa02,2TM,WR,27,12,6,0,0,0,0,0,1,1,1.00,0,32,18,302,16.78,2,0,0,2,,,42,60.3,63.3,51.3,,104,
257,La'Mical Perine\PeriLa00,NYJ,RB,22,10,0,0,0,0,0,0,64,232,3.63,2,15,11,63,5.73,0,0,0,2,,,42,52.5,55.5,47.0,,73,
258,Jack Doyle\DoylJa00,IND,TE,30,14,12,0,0,0,0,0,0,0,,0,33,23,251,10.91,3,1,1,3,,,41,64.1,68.1,52.6,,36,
259,N'Keal Harry\HarrNK00,NWE,WR,23,14,9,0,0,0,0,0,2,0,0.00,0,57,33,309,9.36,2,1,1,2,,,41,73.9,77.9,57.4,,107,
260,Jacob Hollister\HollJa03,SEA,TE,27,16,5,0,0,0,0,0,0,0,,0,40,25,209,8.36,3,0,0,3,1,,41,65.9,68.9,53.4,,37,
261,Richie James\JameRi00,SFO,WR,25,11,7,0,0,0,0,0,0,0,,0,35,23,394,17.13,1,2,2,1,,,41,64.4,69.4,52.9,,105,
262,Collin Johnson\JohnCo01,JAX,WR,23,14,0,0,0,0,0,0,0,0,,0,31,18,272,15.11,2,0,0,2,1,,41,59.2,62.2,50.2,,106,
263,Cameron Brate\BratCa00,TAM,TE,29,16,1,0,0,0,0,0,0,0,,0,34,28,282,10.07,2,0,0,2,,,40,68.2,71.2,54.2,,38,
264,DeeJay Dallas\DallDe00,SEA,RB,22,12,2,0,0,0,0,0,34,108,3.18,2,20,17,111,6.53,1,0,0,3,,,40,56.9,62.9,48.4,,75,
265,Ito Smith\SmitIt00,ATL,RB,25,14,0,0,0,0,0,0,63,268,4.25,1,26,17,75,4.41,0,1,0,1,,,40,57.3,60.3,48.8,,74,
266,DaeSean Hamilton\HamiDa01,DEN,WR,25,16,2,0,0,0,0,0,0,0,,0,44,23,293,12.74,2,1,1,2,,,39,62.3,66.3,50.8,,108,
267,Drew Sample\SampDr00,CIN,TE,24,16,13,0,0,0,0,0,0,0,,0,53,40,349,8.73,1,1,1,1,,,39,78.9,82.9,58.9,,39,
268,Harrison Bryant\BryaHa00,CLE,TE,22,15,9,0,0,0,0,0,0,0,,0,38,24,238,9.92,3,2,2,3,,,38,61.8,66.8,49.8,,40,
269,AJ Dillon\DillAJ00,GNB,RB,22,11,0,0,0,0,0,0,46,242,5.26,2,2,2,21,10.50,0,0,0,2,,,38,40.3,43.3,39.3,,76,
270,Dion Lewis\LewiDi00,NYG,RB,30,16,0,0,0,0,0,0,29,115,3.97,2,30,19,127,6.68,1,3,2,3,,,38,57.2,65.2,47.7,,77,
271,Denzel Mims\MimsDe00,NYJ,WR,23,9,8,0,0,0,0,0,0,0,,0,44,23,357,15.52,0,0,0,0,1,,38,60.7,63.7,49.2,,109,
272,Alfred Morris\MorrAl00,NYG,RB,32,9,0,0,0,0,0,0,55,238,4.33,1,4,3,19,6.33,1,0,0,2,,,38,40.7,43.7,39.2,,78,
273,Will Dissly\DissWi00,SEA,TE,24,16,12,0,0,0,0,0,0,0,,0,29,24,251,10.46,2,0,0,2,,,37,61.1,64.1,49.1,,42,
274,Kyle Rudolph\RudoKy00,MIN,TE,31,12,12,0,0,0,0,0,0,0,,0,37,28,334,11.93,1,1,1,1,,,37,65.4,69.4,51.4,,41,
275,Darrel Williams\WillDa10,KAN,RB,25,16,0,0,0,0,0,0,39,169,4.33,1,26,18,116,6.44,0,0,0,1,1,,37,54.5,60.5,45.5,,79,
276,Julian Edelman\EdelJu00,NWE,WR,34,6,1,2,2,38,0,0,2,22,11.00,0,39,21,315,15.00,0,0,0,0,,,35,56.2,59.2,45.7,,110,
277,Adam Humphries\HumpAd00,TEN,WR,27,7,1,0,0,0,0,0,0,0,,0,35,23,228,9.91,2,0,0,2,,,35,57.8,60.8,46.3,,111,
278,Cedrick Wilson Jr.\WilsCe01,DAL,WR,25,16,0,2,2,23,1,0,3,-12,-4.00,0,28,17,189,11.12,2,0,0,2,,,35,51.6,54.6,43.1,,112,
279,Andy Isabella\IsabAn00,ARI,WR,24,13,2,0,0,0,0,0,1,-6,-6.00,0,35,21,224,10.67,2,1,0,2,,,34,54.8,57.8,44.3,,113,
280,Cole Kmet\KmetCo00,CHI,TE,21,16,9,0,0,0,0,0,1,-3,-3.00,0,44,28,243,8.68,2,1,1,2,,,34,62.0,66.0,48.0,,43,
281,Donald Parham\ParhDo00,LAC,TE,23,13,5,0,0,0,0,0,0,0,,0,20,10,159,15.90,3,0,0,3,,,34,43.9,46.9,38.9,,44,
282,Matt Breida\BreiMa00,MIA,RB,25,12,1,0,0,0,0,0,59,254,4.31,0,10,9,96,10.67,0,2,1,0,,,33,42.0,46.0,37.5,,80,
283,Devin Duvernay\DuveDe00,BAL,WR,23,16,3,0,0,0,0,0,4,70,17.50,0,26,20,201,10.05,0,0,0,1,,,33,53.1,56.1,43.1,,115,
284,David Njoku\NjokDa00,CLE,TE,24,13,5,0,0,0,0,0,0,0,,0,29,19,213,11.21,2,0,0,2,,,33,52.3,55.3,42.8,,45,
285,Adam Shaheen\ShahAd00,MIA,TE,26,16,5,0,0,0,0,0,0,0,,0,22,12,150,12.50,3,0,0,3,,,33,45.0,48.0,39.0,,46,
286,Durham Smythe\SmytDu00,MIA,TE,25,15,13,0,0,0,0,0,0,0,,0,29,26,208,8.00,2,0,0,2,,,33,58.8,61.8,45.8,,47,
287,Olamide Zaccheaus\ZaccOl01,ATL,WR,23,11,2,0,0,0,0,0,1,0,0.00,0,32,20,274,13.70,1,0,0,1,,,33,53.4,56.4,43.4,,114,
288,Jeremy McNichols\McNiJe00,TEN,RB,25,16,0,0,0,0,0,0,47,204,4.34,1,17,12,55,4.58,0,0,0,1,,,32,43.9,46.9,37.9,,82,
289,Jalen Richard\RichJa01,LVR,RB,27,13,0,0,0,0,0,0,22,123,5.59,1,23,19,138,7.26,0,1,0,1,,,32,51.1,57.1,41.6,,81,
290,Josh Adams\AdamJo03,NYJ,RB,24,8,0,0,0,0,0,0,29,157,5.41,2,8,6,29,4.83,0,0,0,2,,,31,36.6,39.6,33.6,,83,
291,Ross Dwelley\DwelRo00,SFO,TE,25,16,9,0,0,0,0,0,0,0,,0,24,19,245,12.89,1,0,0,1,,,31,49.5,52.5,40.0,,48,
292,DeSean Jackson\JackDe00,PHI,WR,34,5,5,0,0,0,0,0,1,12,12.00,0,26,14,236,16.86,1,0,0,1,,,31,44.8,47.8,37.8,,116,
293,Chad Beebe\BeebCh00,MIN,WR,26,14,0,0,0,0,0,0,0,0,,0,30,20,201,10.05,2,2,1,2,,,30,50.1,54.1,40.1,,118,
294,Jeff Driskel\DrisJe00,DEN,QB,27,3,1,35,64,432,3,2,6,28,4.67,0,0,0,0,,0,0,0,0,,1,30,30.1,35.1,32.1,,45,
295,Chad Hansen\HansCh00,HOU,WR,25,5,2,0,0,0,0,0,0,0,,0,24,17,236,13.88,1,0,0,1,,,30,46.6,49.6,38.1,,119,
296,Jordan Howard\HowaJo00,2TM,RB,26,7,4,0,0,0,0,0,35,60,1.71,4,1,1,-3,-3.00,0,1,0,4,,,30,30.7,30.7,30.2,,84,
297,Tyler Kroft\KrofTy00,BUF,TE,28,10,4,0,0,0,0,0,0,0,,0,16,12,119,9.92,3,0,0,3,,,30,41.9,44.9,35.9,,49,
298,Greg Olsen\OlseGr00,SEA,TE,35,11,8,0,0,0,0,0,0,0,,0,37,24,239,9.96,1,0,0,1,,,30,53.9,56.9,41.9,,50,
299,Steven Sims\SimsSt00,WAS,WR,23,12,2,0,0,0,0,0,1,18,18.00,0,37,27,265,9.81,1,4,2,1,,,30,57.3,62.3,43.8,,117,
300,Devonta Freeman\FreeDe00,NYG,RB,28,5,4,0,0,0,0,0,54,172,3.19,1,10,7,58,8.29,0,0,0,1,,,29,36.0,39.0,32.5,,85,
301,Tyler Johnson\JohnTy00,TAM,WR,22,14,3,0,0,0,0,0,0,0,,0,17,12,169,14.08,2,0,0,2,,,29,40.9,43.9,34.9,,120,
302,Marcedes Lewis\LewiMa00,GNB,TE,36,15,15,0,0,0,0,0,0,0,,0,17,10,107,10.70,3,0,0,3,,,29,38.7,41.7,33.7,,51,
303,Pharaoh Brown\BrowPh01,HOU,TE,26,13,9,0,0,0,0,0,0,0,,0,16,14,163,11.64,2,0,0,2,,,28,42.3,45.3,35.3,,52,
304,Isaiah Ford\FordIs00,MIA,WR,24,10,1,0,0,0,0,0,0,0,,0,44,28,276,9.86,0,0,0,0,,,28,55.6,58.6,41.6,,126,
305,Deonte Harris\HarrDe07,NOR,WR,23,9,2,0,0,0,0,0,6,51,8.50,0,25,20,186,9.30,1,3,1,1,,,28,47.7,51.7,37.7,,125,
306,Dontrelle Inman\InmaDo00,WAS,WR,31,10,2,0,0,0,0,0,0,0,,0,28,18,163,9.06,2,1,0,2,,,28,46.3,49.3,37.3,,121,
307,Van Jefferson\JeffVa00,LAR,WR,24,16,0,0,0,0,0,0,1,-1,-1.00,0,31,19,220,11.58,1,1,0,1,,,28,46.9,49.9,37.4,,123,
308,Jake Luton\LutoJa00,JAX,QB,24,3,3,60,110,624,2,6,1,13,13.00,1,0,0,0,,0,2,0,1,,,28,28.3,37.3,34.3,,46,
309,Byron Pringle\PrinBy00,KAN,WR,27,13,3,0,0,0,0,0,0,0,,0,17,13,160,12.31,1,0,0,2,,,28,41.0,44.0,34.5,,122,
310,Rodney Smith\SmitRo08,CAR,RB,24,7,1,0,0,0,0,0,41,156,3.80,1,11,9,59,6.56,0,1,0,1,,,28,36.5,39.5,32.0,,86,
311,Freddie Swain\SwaiFr00,SEA,WR,22,16,1,0,0,0,0,0,0,0,,0,21,13,159,12.23,2,0,0,2,,,28,40.9,43.9,34.4,,124,
312,O.J. Howard\HowaO.00,TAM,TE,26,4,1,0,0,0,0,0,0,0,,0,19,11,146,13.27,2,0,0,2,,,27,37.6,40.6,32.1,,53,
313,Mohamed Sanu\SanuMo00,2TM,WR,31,10,4,0,0,0,0,0,1,3,3.00,0,24,17,187,11.00,1,0,0,1,1,,27,44.0,47.0,35.5,,127,
314,Lynn Bowden Jr.\BowdLy00,MIA,RB,23,10,4,1,2,32,0,0,9,32,3.56,0,37,28,211,7.54,0,0,0,0,,,26,53.6,56.6,39.6,,88,
315,Marcus Johnson\JohnMa07,IND,WR,26,11,3,0,0,0,0,0,0,0,,0,28,14,255,18.21,0,0,0,0,,,26,39.5,42.5,32.5,,128,
316,Marcus Mariota\MariMa01,LVR,QB,27,1,0,17,28,226,1,1,9,88,9.78,1,0,0,0,,0,0,0,1,,,26,25.8,26.8,26.8,,47,
317,Foster Moreau\MoreFo00,LVR,TE,23,16,2,0,0,0,0,0,0,0,,0,9,7,140,20.00,2,0,0,2,,,26,33.0,36.0,29.5,,55,
318,James O'Shaughnessy\O'ShJa00,JAX,TE,28,15,13,0,0,0,0,0,0,0,,0,38,28,262,9.36,0,0,0,0,,,26,54.2,57.2,40.2,,54,
319,Darwin Thompson\ThomDa06,KAN,RB,23,14,1,0,0,0,0,0,27,97,3.59,1,11,7,65,9.29,1,0,1,2,,,26,33.2,34.2,29.7,,87,
320,Tyler Conklin\ConkTy00,MIN,TE,25,16,2,0,0,0,0,0,0,0,,0,26,19,194,10.21,1,1,0,1,,,25,44.4,47.4,34.9,,56,
321,Bryan Edwards\EdwaBr01,LVR,WR,22,12,3,0,0,0,0,0,0,0,,0,15,11,193,17.55,1,0,0,1,,,25,36.3,39.3,30.8,,129,
322,Royce Freeman\FreeRo00,DEN,RB,24,16,0,0,0,0,0,0,35,170,4.86,0,13,12,81,6.75,0,0,0,0,,,25,37.1,40.1,31.1,,89,
323,Jesse James\JameJe00,DET,TE,26,16,7,0,0,0,0,0,0,0,,0,22,14,129,9.21,2,0,0,2,,,25,38.9,41.9,31.9,,57,
324,Jamycal Hasty\HastJa02,SFO,RB,24,8,0,0,0,0,0,0,39,148,3.79,1,8,7,33,4.71,0,1,0,1,,,24,31.1,34.1,27.6,,90,
325,Chad Henne\HennCh01,KAN,QB,35,3,1,28,38,248,2,0,7,-2,-0.29,1,0,0,0,,0,2,0,1,,,24,23.7,23.7,23.7,,48,
326,Travis Homer\HomeTr00,SEA,RB,22,9,0,0,0,0,0,0,25,88,3.52,0,10,9,90,10.00,1,0,0,1,,,24,32.8,32.8,28.3,,91,
327,Nick Boyle\BoylNi00,BAL,TE,27,9,9,0,0,0,0,0,0,0,,0,17,14,113,8.07,2,0,0,2,,,23,37.3,40.3,30.3,,58,
328,Zay Jones\JoneZa00,LVR,WR,25,16,2,1,1,29,0,0,0,0,,0,20,14,154,11.00,1,0,0,1,,,23,36.6,39.6,29.6,,130,
329,MyCole Pruitt\PruiMy00,TEN,TE,28,11,4,0,0,0,0,0,0,0,,0,8,5,49,9.80,2,0,0,3,,,23,27.9,27.9,25.4,,60,
330,Chris Thompson\ThomCh03,JAX,RB,30,8,0,0,0,0,0,0,7,20,2.86,0,23,20,146,7.30,1,0,0,1,,,23,42.6,45.6,32.6,,92,
331,Adam Trautman\TrauAd00,NOR,TE,23,15,6,0,0,0,0,0,0,0,,0,16,15,171,11.40,1,0,0,1,,,23,38.1,41.1,30.6,,59,
332,Ameer Abdullah\AbduAm00,MIN,RB,27,16,0,0,0,0,0,0,8,42,5.25,0,9,8,58,7.25,2,0,0,2,,,22,30.0,30.0,26.0,,93,
333,Mack Hollins\HollMa00,MIA,WR,27,16,2,0,0,0,0,0,0,0,,0,25,16,176,11.00,1,1,1,1,,,22,37.6,41.6,29.6,,131,
334,Jacoby Brissett\BrisJa00,IND,QB,28,11,0,2,8,17,0,0,17,19,1.12,3,0,0,0,,0,0,0,3,,,21,20.6,20.6,20.6,,49,
335,Marquez Callaway\CallMa01,NOR,WR,22,11,3,0,0,0,0,0,0,0,,0,27,21,213,10.14,0,0,0,0,,,21,42.3,45.3,31.8,,132,
336,Olabisi Johnson\JohnOl00,MIN,WR,23,16,3,0,0,0,0,0,0,0,,0,19,14,189,13.50,0,0,0,0,1,,21,34.9,37.9,27.9,,133,
337,Gunner Olszewski+\OlszGu00,NWE,WR,24,13,2,0,0,0,0,0,5,23,4.60,0,5,5,62,12.40,1,1,0,2,,,21,25.5,25.5,23.0,,134,
338,Ian Thomas\ThomIa00,CAR,TE,24,16,8,0,0,0,0,0,0,0,,0,31,20,145,7.25,1,1,0,1,,,21,40.5,43.5,30.5,,61,
339,Alex Collins\CollAl00,SEA,RB,26,3,1,0,0,0,0,0,18,77,4.28,2,2,1,4,4.00,0,0,0,2,,,20,21.1,21.1,20.6,,95,
340,Dare Ogunbowale\OgunDa00,JAX,RB,26,14,2,0,0,0,0,0,32,145,4.53,0,20,10,54,5.40,0,0,0,0,,,20,29.9,32.9,24.9,,96,
341,Kenny Stills\StilKe00,HOU,WR,28,10,0,0,0,0,0,0,0,0,,0,19,11,144,13.09,1,0,0,1,,,20,31.4,34.4,25.9,,135,
342,Antonio Williams\WillAn03,BUF,RB,23,1,0,0,0,0,0,0,12,63,5.25,2,1,1,20,20.00,0,0,0,2,,,20,21.3,21.3,20.8,,94,
343,Ryan Finley\FinlRy00,CIN,QB,26,5,1,17,32,164,1,2,11,66,6.00,1,0,0,0,,0,0,0,1,,,19,19.2,21.2,21.2,,50,
344,John Hightower\HighJo00,PHI,WR,24,13,4,0,0,0,0,0,1,1,1.00,0,29,10,167,16.70,0,0,0,0,1,,19,28.8,31.8,23.8,,137,
345,Jason Witten\WittJa00,LVR,TE,38,16,7,0,0,0,0,0,0,0,,0,17,13,69,5.31,2,0,0,2,,,19,31.9,31.9,25.4,,62,
346,Isaiah Wright\WrigIs01,WAS,WR,23,14,6,0,1,0,0,0,3,16,5.33,0,35,27,197,7.30,0,3,1,0,,,19,46.3,50.3,32.8,,136,
347,Cameron Batson\BatsCa00,TEN,WR,25,12,1,0,0,0,0,0,4,20,5.00,0,13,12,100,8.33,1,1,0,1,,,18,30.0,33.0,24.0,,140,
348,C.J. Ham\HamxC.00,MIN,RB,27,15,11,0,0,0,0,0,5,18,3.60,0,13,8,97,12.13,1,0,0,1,,,18,25.5,25.5,21.5,,99,
349,KhaDarel Hodge\HodgKh00,CLE,WR,25,9,0,0,0,0,0,0,0,0,,0,17,11,180,16.36,0,0,0,0,,,18,29.0,32.0,23.5,,141,
350,Ryan Izzo\IzzoRy00,NWE,TE,25,12,12,0,0,0,0,0,0,0,,0,20,13,199,15.31,0,1,1,0,,,18,30.9,34.9,24.4,,64,
351,Alshon Jeffery\JeffAl00,PHI,WR,30,7,2,0,0,0,0,0,0,0,,0,13,6,115,19.17,1,0,0,1,,,18,23.5,26.5,20.5,,143,
352,D'Ernest Johnson\JohnDE04,CLE,RB,24,16,0,0,0,0,0,0,33,166,5.03,0,4,3,14,4.67,0,1,0,0,,,18,21.0,24.0,19.5,,98,
353,Colt McCoy\McCoCo00,NYG,QB,34,4,2,40,66,375,1,1,9,12,1.33,0,0,0,0,,0,1,1,0,,1,18,18.2,23.2,19.2,,52,
354,Albert Okwuegbunam\OkwuAl00,DEN,TE,22,4,0,0,0,0,0,0,0,0,,0,15,11,121,11.00,1,0,0,1,,,18,29.1,32.1,23.6,,63,
355,Brandon Powell\PoweBr00,ATL,WR,25,15,1,0,0,0,0,0,2,7,3.50,0,18,12,69,5.75,2,2,1,2,,,18,29.6,30.6,23.6,,142,
356,Kalif Raymond\RaymKa00,TEN,WR,26,15,3,0,0,0,0,0,1,-3,-3.00,0,15,9,187,20.78,0,0,0,0,,,18,27.4,30.4,22.9,,138,
357,Mason Rudolph\RudoMa00,PIT,QB,25,5,1,25,43,324,2,1,7,-6,-0.86,0,0,0,0,,0,0,0,0,,,18,18.4,22.4,19.4,,51,
358,Equanimeous St. Brown\St.BEq00,GNB,WR,24,12,1,0,0,0,0,0,1,7,7.00,0,13,7,117,16.71,1,0,0,1,,,18,25.4,28.4,21.9,,139,
359,Ke'Shawn Vaughn\VaugKe00,TAM,RB,23,10,0,0,0,0,0,0,26,109,4.19,0,10,5,34,6.80,1,1,1,1,,,18,23.3,27.3,20.8,,97,
360,JJ Arcega-Whiteside\ArceJJ00,PHI,WR,24,8,0,0,0,0,0,0,0,0,,0,8,4,85,21.25,0,0,0,1,1,,17,20.5,20.5,18.5,,150,
361,Dez Bryant\BryaDe01,BAL,WR,32,6,0,0,0,0,0,0,0,0,,0,11,6,47,7.83,2,0,0,2,,,17,22.7,22.7,19.7,,147,
362,Alec Ingold\IngoAl01,LVR,RB,24,16,4,0,0,0,0,0,3,4,1.33,0,17,12,110,9.17,1,0,0,1,,,17,29.4,32.4,23.4,,100,
363,KeeSean Johnson\JohnKe07,ARI,WR,24,8,1,0,0,0,0,0,0,0,,0,23,15,173,11.53,0,0,0,0,,,17,32.3,35.3,24.8,,144,
364,Anthony McFarland Jr.\McFaAn00,PIT,RB,21,11,0,0,0,0,0,0,33,113,3.42,0,9,6,54,9.00,0,0,0,0,,,17,22.7,25.7,19.7,,101,
365,Jeff Smith\SmitJe03,NYJ,WR,23,12,4,0,0,0,0,0,0,0,,0,37,17,167,9.82,0,0,0,0,,,17,33.7,36.7,25.2,,148,
366,Jace Sternberger\SterJa00,GNB,TE,24,12,0,0,0,0,0,0,0,0,,0,15,12,114,9.50,1,0,0,1,,,17,29.4,32.4,23.4,,65,
367,Mike Thomas\ThomMi04,CIN,WR,26,14,0,0,0,0,0,0,1,1,1.00,0,21,13,132,10.15,1,1,1,1,,,17,30.3,34.3,23.8,,145,
368,Laquon Treadwell\TreaLa00,ATL,WR,25,5,0,0,0,0,0,0,0,0,,0,7,6,49,8.17,2,0,0,2,,,17,22.9,22.9,19.9,,146,
369,Quez Watkins\WatkQu00,PHI,WR,22,6,0,0,0,0,0,0,0,0,,0,13,7,106,15.14,1,0,0,1,,,17,23.6,26.6,20.1,,149,
370,Trayveon Williams\WillTr06,CIN,RB,23,10,0,0,0,0,0,0,26,157,6.04,0,5,5,30,6.00,0,1,1,0,,,17,21.7,25.7,19.2,,102,
371,Jamal Agnew\AgneJa00,DET,WR,25,14,2,0,1,0,0,0,6,33,5.50,0,20,13,89,6.85,0,2,1,1,,,16,29.2,30.2,22.7,,151,
372,Noah Brown\BrowNo00,DAL,WR,24,16,1,0,0,0,0,0,1,4,4.00,0,24,14,154,11.00,0,0,0,0,,,16,29.8,32.8,22.8,,152,
373,Corey Clement\ClemCo00,PHI,RB,26,15,0,0,0,0,0,0,21,75,3.57,1,6,5,25,5.00,0,0,0,1,,,16,21.0,21.0,18.5,,103,
374,D'Onta Foreman\ForeDO00,TEN,RB,24,6,0,0,0,0,0,0,22,95,4.32,0,1,1,5,5.00,1,0,0,1,,,16,17.0,17.0,16.5,,104,
375,Malcolm Perry\PerrMa00,MIA,RB,23,9,2,0,0,0,0,0,3,5,1.67,0,13,9,92,10.22,1,1,0,1,,,16,24.7,24.7,20.2,,105,
376,Lee Smith\SmitLe00,BUF,WR,33,10,2,0,0,0,0,0,0,0,,0,6,4,35,8.75,2,0,0,2,,,16,19.5,19.5,17.5,,153,
377,Nick Vannett\VannNi00,DEN,TE,27,15,11,0,0,0,0,0,0,0,,0,21,14,95,6.79,1,0,0,1,,,16,29.5,29.5,22.5,,67,
378,Maxx Williams\WillMa04,ARI,TE,26,9,8,0,0,0,0,0,0,0,,0,10,8,102,12.75,1,0,0,1,,,16,24.2,27.2,20.2,,66,
379,Reggie Bonnafon\BonnRe00,CAR,RB,24,2,0,0,0,0,0,0,12,69,5.75,0,2,2,18,9.00,1,0,0,1,,,15,16.7,16.7,15.7,,109,
380,Darrell Daniels\DaniDa02,ARI,TE,26,12,8,0,0,0,0,0,0,0,,0,11,8,92,11.50,1,0,0,1,,,15,23.2,23.2,19.2,,68,
381,Tyler Ervin\ErviTy00,GNB,RB,27,8,0,0,0,0,0,0,13,67,5.15,0,15,11,84,7.64,0,0,0,0,,,15,26.1,26.1,20.6,,108,
382,Blaine Gabbert\GabbBl00,TAM,QB,31,4,0,9,16,143,2,0,9,16,1.78,0,0,0,0,,0,1,0,0,,,15,15.3,15.3,15.3,,53,
383,Garrett Gilbert\GilbGa01,DAL,QB,29,1,1,21,38,243,1,1,3,28,9.33,0,0,0,0,,0,0,0,0,,,15,14.5,15.5,15.5,,54,
384,Gabe Nabers\NabeGa00,LAC,RB,23,16,5,0,0,0,0,0,2,7,3.50,0,7,5,25,5.00,2,0,0,2,,,15,20.2,20.2,17.7,,106,
385,Auden Tate\TateAu00,CIN,WR,23,9,2,0,0,0,0,0,0,0,,0,22,14,150,10.71,0,0,0,0,,,15,29.0,32.0,22.0,,154,
386,C.J. Uzomah\UzomC.00,CIN,TE,27,2,2,0,0,0,0,0,0,0,,0,11,8,87,10.88,1,0,0,1,,,15,22.7,22.7,18.7,,69,
387,T.J. Yeldon\YeldT.00,BUF,RB,27,3,0,0,0,0,0,0,10,70,7.00,0,4,1,22,22.00,1,1,0,1,,,15,16.2,16.2,15.7,,107,
388,Christian Blake\BlakCh00,ATL,WR,24,16,0,0,0,0,0,0,0,0,,0,18,13,141,10.85,0,0,0,0,,,14,27.1,30.1,20.6,,155,
389,Darrynton Evans\EvanDa02,TEN,RB,22,5,0,0,0,0,0,0,14,54,3.86,0,4,2,27,13.50,1,0,0,1,,,14,16.1,16.1,15.1,,110,
390,Troy Fumagalli\FumaTr00,DEN,TE,25,8,0,0,0,0,0,0,0,0,,0,15,8,80,10.00,1,0,0,1,,,14,22.0,22.0,18.0,,71,
391,Geoff Swaim\SwaiGe00,TEN,TE,27,10,8,0,0,0,0,0,0,0,,0,12,9,83,9.22,1,0,0,1,,,14,23.3,23.3,18.8,,70,
392,Malik Taylor\TaylMa01,GNB,WR,25,15,1,0,0,0,0,0,1,9,9.00,0,6,5,66,13.20,1,0,0,1,,,14,18.5,18.5,16.0,,156,
393,Mike Boone\BoonMi00,MIN,RB,25,16,0,0,0,0,0,0,11,59,5.36,1,2,2,10,5.00,0,0,0,1,,,13,14.9,14.9,13.9,,112,
394,De'Michael Harris\HarrDe09,IND,WR,22,7,0,0,0,0,0,0,6,46,7.67,0,10,10,79,7.90,0,0,0,0,,,13,22.5,22.5,17.5,,158,
395,LeSean McCoy\McCoLe01,TAM,RB,32,10,0,0,0,0,0,0,10,31,3.10,0,19,15,101,6.73,0,0,0,0,,,13,28.2,31.2,20.7,,111,
396,Ty Montgomery\MontTy01,NOR,WR,27,6,1,0,0,0,0,0,19,101,5.32,0,6,3,27,9.00,0,0,0,0,,,13,15.8,18.8,14.3,,157,
397,Ryan Nall\NallRy00,CHI,RB,25,16,0,0,0,0,0,0,3,0,0.00,0,9,8,67,8.38,1,0,0,1,,,13,20.7,20.7,16.7,,113,
398,Jarrett Stidham\StidJa00,NWE,QB,24,5,0,22,44,256,2,3,7,7,1.00,0,0,0,0,,0,0,0,0,,,13,12.9,15.9,15.9,,55,
399,John Wolford\WolfJo00,LAR,QB,25,1,1,22,38,231,0,1,6,56,9.33,0,0,0,0,,0,0,0,0,,,13,12.8,13.8,13.8,,56,
400,Tarik Cohen\CoheTa00,CHI,RB,25,3,0,0,0,0,0,0,14,74,5.29,0,9,6,41,6.83,0,0,0,0,,,12,17.5,17.5,14.5,,117,
401,Chase Daniel\DaniCh00,DET,QB,34,4,0,29,43,264,1,2,2,16,8.00,0,0,0,0,,0,0,0,0,,,12,12.2,14.2,14.2,,57,
402,Taylor Heinicke\HeinTa00,WAS,QB,27,1,0,12,19,137,1,0,3,22,7.33,0,0,0,0,,0,0,0,0,,,12,11.7,11.7,11.7,,58,
403,Chris Hogan\HogaCh00,NYJ,WR,33,5,4,0,0,0,0,0,0,0,,0,26,14,118,8.43,0,0,0,0,,,12,25.8,28.8,18.8,,160,
404,Patrick Laird\LairPa00,MIA,RB,25,16,0,0,0,0,0,0,13,72,5.54,0,12,10,68,6.80,0,1,1,0,,,12,22.0,23.0,17.0,,115,
405,Ray-Ray McCloud\McClRa00,PIT,WR,24,16,2,0,0,0,0,0,4,65,16.25,0,22,20,77,3.85,0,2,1,0,,,12,32.2,33.2,22.2,,159,
406,Dante Pettis\PettDa00,2TM,WR,25,7,1,0,0,0,0,0,0,0,,0,6,4,76,19.00,1,1,1,1,,,12,15.6,16.6,13.6,,161,
407,Troymaine Pope\PopeTr00,LAC,RB,27,6,0,0,0,0,0,0,15,76,5.07,0,10,8,42,5.25,0,0,0,0,,,12,19.8,19.8,15.8,,116,
408,DeAndre Washington\WashDe00,2TM,RB,27,4,1,0,0,0,0,0,31,91,2.94,0,10,5,30,6.00,0,0,0,0,,,12,17.1,17.1,14.6,,114,
409,Stephen Anderson\AndeSt01,LAC,TE,27,16,3,0,0,0,0,0,0,0,,0,11,8,106,13.25,0,0,0,0,,,11,18.6,21.6,14.6,,75,
410,Blake Bell\BellBl00,DAL,TE,29,16,2,0,0,0,0,0,1,2,2.00,0,15,11,110,10.00,0,0,0,0,,,11,22.2,25.2,16.7,,72,
411,Alex Erickson\EricAl01,CIN,WR,28,16,2,0,1,0,0,0,5,7,1.40,0,17,12,139,11.58,0,2,2,0,,,11,22.6,27.6,16.6,,163,
412,Virgil Green\GreeVi00,LAC,TE,32,6,3,0,0,0,0,0,0,0,,0,6,3,50,16.67,1,0,0,1,,,11,14.0,14.0,12.5,,74,
413,Josh Hill\HillJo02,NOR,TE,30,14,7,0,0,0,0,0,0,0,,0,10,8,46,5.75,1,1,0,1,,,11,18.6,18.6,14.6,,76,
414,Lil'Jordan Humphrey\HumpLi01,NOR,WR,22,3,1,0,0,0,0,0,0,0,,0,5,3,46,15.33,1,0,0,1,,,11,13.6,13.6,12.1,,164,
415,Brett Rypien\RypiBr00,DEN,QB,24,3,1,27,40,295,2,4,5,-5,-1.00,0,0,0,0,,0,1,0,0,,,11,11.3,15.3,15.3,,59,
416,Kaden Smith\SmitKa00,NYG,TE,23,15,12,0,0,0,0,0,0,0,,0,21,18,112,6.22,0,1,0,0,,,11,29.2,32.2,20.2,,73,
417,Diontae Spencer\SpenDi00,DEN,WR,28,11,0,0,0,0,0,0,3,19,6.33,0,6,3,26,8.67,0,2,0,1,,,11,13.5,13.5,12.0,,165,
418,J.J. Taylor\TaylJJ01,NWE,RB,22,6,0,0,0,0,0,0,23,110,4.78,0,2,1,4,4.00,0,0,0,0,,,11,12.4,15.4,11.9,,118,
419,Javon Wims\WimsJa00,CHI,WR,26,13,1,0,0,0,0,0,1,2,2.00,0,12,6,48,8.00,1,0,0,1,,,11,17.0,17.0,14.0,,162,
420,Devin Asiasi\AsiaDe00,NWE,TE,23,9,3,0,0,0,0,0,0,0,,0,7,2,39,19.50,1,0,0,1,,,10,11.9,11.9,10.9,,77,
421,C.J. Board\BoarC.00,NYG,WR,27,14,4,0,0,0,0,0,1,3,3.00,0,16,11,101,9.18,0,0,0,0,,,10,21.4,24.4,15.9,,166,
422,Jakob Johnson\JohnJa12,NWE,RB,26,16,11,0,0,0,0,0,0,0,,0,9,8,35,4.38,1,1,0,1,,,10,17.5,17.5,13.5,,119,
423,Vance McDonald\McDoVa00,PIT,TE,30,14,12,0,0,0,0,0,0,0,,0,20,15,99,6.60,0,0,0,0,,,10,24.9,24.9,17.4,,78,
424,Brandon Zylstra\ZylsBr00,CAR,WR,27,16,2,0,0,0,0,0,1,1,1.00,0,4,3,35,11.67,0,0,0,1,,,10,12.6,12.6,11.1,,167,
425,Matt Barkley\BarkMa00,BUF,QB,30,5,0,11,21,197,1,1,6,-6,-1.00,0,0,0,0,,0,0,0,0,,,9,9.3,10.3,10.3,,61,
426,Saquon Barkley\BarkSa00,NYG,RB,23,2,2,0,0,0,0,0,19,34,1.79,0,9,6,60,10.00,0,0,0,0,,,9,15.4,15.4,12.4,,120,
427,Parris Campbell\CampPa00,IND,WR,23,2,2,0,0,0,0,0,2,16,8.00,0,9,6,71,11.83,0,0,0,0,,,9,14.7,14.7,11.7,,171,
428,Austin Carr\CarrAu00,NOR,WR,27,6,0,0,0,0,0,0,0,0,,0,4,3,27,9.00,1,0,0,1,,,9,11.7,11.7,10.2,,172,
429,Tevin Coleman\ColeTe01,SFO,RB,27,8,1,0,0,0,0,0,28,53,1.89,0,5,4,34,8.50,0,0,0,0,,,9,12.7,12.7,10.7,,122,
430,Dominique Dafney\DafnDo00,GNB,TE,23,5,2,0,0,0,0,0,0,0,,0,2,2,26,13.00,1,0,0,1,,,9,10.6,10.6,9.6,,79,
431,Ryan Griffin\GrifRy00,NYJ,TE,30,15,6,0,0,0,0,0,0,0,,0,12,9,86,9.56,0,0,0,0,,,9,17.6,17.6,13.1,,80,
432,Austin Mack\MackAu01,NYG,WR,23,11,1,0,0,0,0,0,0,0,,0,11,7,91,13.00,0,0,0,0,,,9,16.1,16.1,12.6,,169,
433,Trace McSorley\McSoTr00,BAL,QB,25,2,0,3,10,90,1,0,5,17,3.40,0,0,0,0,,0,0,0,0,,,9,9.3,9.3,9.3,,60,
434,Artavis Pierce\PierAr00,CHI,RB,24,5,0,0,0,0,0,0,6,34,5.67,1,0,0,0,,0,0,0,1,,,9,9.4,9.4,9.4,,121,
435,Joe Reed\ReedJo03,LAC,WR,22,11,0,0,0,0,0,0,5,29,5.80,1,1,0,0,,0,0,0,1,,,9,8.9,8.9,8.9,,170,
436,Trent Taylor\TaylTr02,SFO,WR,26,12,1,0,0,0,0,0,0,0,,0,21,10,86,8.60,0,0,0,0,,,9,18.6,18.6,13.6,,173,
437,Tyrod Taylor\TaylTy00,LAC,QB,31,2,1,16,30,208,0,0,6,7,1.17,0,0,0,0,,0,0,0,0,,,9,9.0,9.0,9.0,,62,
438,P.J. Walker\WalkPh00,CAR,QB,25,4,1,32,56,368,1,5,5,-2,-0.40,0,1,0,0,,0,1,0,0,,,9,8.5,16.5,13.5,,63,
439,Justin Watson\WatsJu01,TAM,WR,24,11,2,0,0,0,0,0,0,0,,0,11,7,94,13.43,0,0,0,0,,,9,16.4,16.4,12.9,,168,
440,Reggie Gilliam\GillRe00,BUF,RB,23,14,0,0,0,0,0,0,0,0,,0,2,2,16,8.00,1,0,0,1,,,8,9.6,9.6,8.6,,126,
441,Justice Hill\HillJu00,BAL,RB,23,12,0,0,0,0,0,0,12,60,5.00,0,5,5,20,4.00,0,0,0,0,,,8,13.0,13.0,10.5,,124,
442,Jake Kumerow\KumeJa00,BUF,WR,28,6,0,0,0,0,0,0,0,0,,0,1,1,22,22.00,1,0,0,1,,,8,9.2,9.2,8.7,,174,
443,C.J. Prosise\ProsC.00,HOU,RB,26,10,0,0,0,0,0,0,10,19,1.90,0,5,5,18,3.60,1,1,1,1,,,8,12.7,13.7,10.2,,125,
444,Patrick Ricard*\RicaPa00,BAL,RB,26,15,10,0,0,0,0,0,1,-1,-1.00,0,12,9,45,5.00,1,1,1,1,,,8,17.4,18.4,12.9,,123,
445,Chris Streveler\StreCh00,ARI,QB,25,5,0,11,16,105,1,1,4,15,3.75,0,0,0,0,,0,1,0,0,,,8,7.7,8.7,8.7,,64,
446,Pharoh Cooper\CoopPh00,CAR,WR,25,16,1,0,0,0,0,0,0,0,,0,8,5,73,14.60,0,1,0,0,,,7,12.3,12.3,9.8,,175,
447,Ben DiNucci\DiNuBe00,DAL,QB,24,3,1,23,43,219,0,0,6,22,3.67,0,0,0,0,,0,4,2,0,,,7,7.0,9.0,7.0,,65,
448,Buddy Howell\HoweGr00,HOU,RB,24,14,0,0,0,0,0,0,16,64,4.00,0,2,1,3,3.00,0,0,0,0,,,7,7.7,7.7,7.2,,130,
449,Jaylen Samuels\SamuJa00,PIT,RB,24,14,1,0,0,0,0,0,9,28,3.11,0,14,9,46,5.11,0,0,0,0,,,7,16.4,16.4,11.9,,127,
450,Anthony Sherman\SherAn00,KAN,RB,32,13,1,0,0,0,0,0,3,8,2.67,0,2,1,5,5.00,1,0,0,1,,,7,8.3,8.3,7.8,,128,
451,Keith Smith\SmitKe03,ATL,RB,28,16,7,0,0,0,0,0,4,7,1.75,0,15,11,59,5.36,0,0,0,0,,,7,17.6,17.6,12.1,,131,
452,Courtland Sutton\SuttCo00,DEN,WR,25,1,1,0,0,0,0,0,0,0,,0,6,3,66,22.00,0,0,0,0,,,7,9.6,9.6,8.1,,176,
453,Colin Thompson\ThomCo03,CAR,TE,27,15,4,0,0,0,0,0,0,0,,0,2,1,7,7.00,1,0,0,1,,,7,7.7,7.7,7.2,,81,
454,Jonathan Ward\WardJo00,ARI,RB,23,14,0,0,0,0,0,0,0,0,,0,1,1,11,11.00,1,0,0,1,,,7,8.1,8.1,7.6,,129,
455,Ja'Marcus Bradley\BradJa01,CLE,WR,24,3,1,0,0,0,0,0,0,0,,0,11,5,60,12.00,0,0,0,0,,,6,11.0,11.0,8.5,,180,
456,Tyrie Cleveland\ClevTy00,DEN,WR,23,10,0,0,0,0,0,0,0,0,,0,9,6,63,10.50,0,0,0,0,,,6,12.3,12.3,9.3,,178,
457,Jason Croom\CrooJa00,PHI,TE,26,4,0,0,0,0,0,0,0,0,,0,1,1,3,3.00,1,0,0,1,,,6,7.3,7.3,6.8,,82,
458,Ashton Dulin\DuliAs00,IND,WR,23,13,0,0,0,0,0,0,2,11,5.50,0,6,3,53,17.67,0,1,0,0,,,6,9.4,9.4,7.9,,177,
459,Marlon Mack\MackMa00,IND,RB,24,1,1,0,0,0,0,0,4,26,6.50,0,3,3,30,10.00,0,0,0,0,,,6,8.6,8.6,7.1,,133,
460,Jaydon Mickens\MickJa01,TAM,WR,26,10,0,0,0,0,0,0,0,0,,0,10,7,58,8.29,0,0,0,0,,,6,12.8,12.8,9.3,,182,
461,Steven Mitchell\MitcSt02,HOU,WR,26,6,1,0,0,0,0,0,0,0,,0,8,5,60,12.00,0,0,0,0,,,6,11.0,11.0,8.5,,181,
462,Damion Ratley\RatlDa00,NYG,WR,25,5,0,0,0,0,0,0,0,0,,0,10,4,63,15.75,0,1,0,0,,,6,10.3,10.3,8.3,,179,
463,Theo Riddick\RiddTh00,LVR,RB,29,4,0,0,0,0,0,0,6,14,2.33,0,6,5,43,8.60,0,0,0,0,,,6,10.7,10.7,8.2,,132,
464,Luke Stocker\StocLu00,ATL,TE,32,16,13,0,0,0,0,0,0,0,,0,11,7,63,9.00,0,0,0,0,,,6,13.3,13.3,9.8,,83,
465,Jordan Thomas\ThomJo05,2TM,TE,24,6,0,0,0,0,0,0,0,0,,0,2,1,3,3.00,1,0,0,1,,,6,7.3,7.3,6.8,,84,
466,Michael Burton\BurtMi00,NOR,RB,28,15,4,0,0,0,0,0,7,18,2.57,0,4,4,28,7.00,0,0,0,0,,,5,8.6,8.6,6.6,,136,
467,Trenton Cannon\CannTr00,CAR,RB,26,14,0,0,0,0,0,0,10,33,3.30,0,3,3,16,5.33,0,0,0,0,,,5,7.9,7.9,6.4,,135,
468,Cethan Carter\CartCe00,CIN,TE,25,15,5,0,0,0,0,0,0,0,,0,7,5,53,10.60,0,0,0,0,,,5,10.3,10.3,7.8,,85,
469,Demetrius Harris\HarrDe03,CHI,TE,29,15,5,0,0,0,0,0,0,0,,0,14,7,45,6.43,0,0,0,0,,,5,11.5,11.5,8.0,,89,
470,Dontrell Hilliard\HillDo00,2TM,RB,25,7,0,0,0,0,0,0,9,48,5.33,0,1,1,2,2.00,0,0,0,0,,,5,6.0,6.0,5.5,,134,
471,K.J. Hill\HillKJ00,LAC,WR,23,15,0,0,0,0,0,0,0,0,,0,11,7,73,10.43,0,1,1,0,,,5,12.3,13.3,8.8,,183,
472,Chris Manhertz\ManhCh00,CAR,TE,28,16,12,0,0,0,0,0,0,0,,0,8,6,52,8.67,0,0,0,0,,,5,11.2,11.2,8.2,,87,
473,Johnny Mundt\MundJo00,LAR,TE,26,16,1,0,0,0,0,0,0,0,,0,4,4,53,13.25,0,0,0,0,,,5,9.3,9.3,7.3,,86,
474,Trent Sherfield\SherTr00,ARI,WR,24,15,1,0,0,0,0,0,0,0,,0,7,5,50,10.00,0,0,0,0,,,5,10.0,10.0,7.5,,185,
475,Levine Toilolo\ToilLe00,NYG,TE,29,16,2,0,0,0,0,0,0,0,,0,6,5,46,9.20,0,0,0,0,,,5,9.6,9.6,7.1,,88,
476,Nick Westbrook-Ikhine\WestNi00,TEN,WR,23,14,1,0,0,0,0,0,0,0,,0,8,3,33,11.00,0,0,0,0,1,,5,8.3,8.3,6.8,,184,
477,Isaiah Zuber\ZubeIs00,NWE,WR,23,4,0,0,0,0,0,0,2,21,10.50,0,2,2,29,14.50,0,0,0,0,,,5,7.0,7.0,6.0,,186,
478,Khari Blasingame\BlasKh00,TEN,RB,24,15,7,0,0,0,0,0,0,0,,0,5,4,39,9.75,0,0,0,0,,,4,7.9,7.9,5.9,,138,
479,Hunter Bryant\BryaHu02,DET,TE,22,5,0,0,0,0,0,0,0,0,,0,3,1,44,44.00,0,0,0,0,,,4,5.4,5.4,4.9,,90,
480,Lawrence Cager\CageLa01,NYJ,WR,23,2,1,0,0,0,0,0,0,0,,0,6,2,35,17.50,0,0,0,0,,,4,5.5,5.5,4.5,,191,
481,River Cracraft\CracRi00,SFO,WR,26,9,1,0,0,0,0,0,0,0,,0,9,6,41,6.83,0,0,0,0,,,4,10.1,10.1,7.1,,187,
482,Robert Foster\FostRo01,WAS,WR,26,4,2,0,0,0,0,0,0,0,,0,6,2,37,18.50,0,0,0,0,,,4,5.7,5.7,4.7,,190,
483,Ted Ginn Jr.\GinnTe00,CHI,WR,35,6,0,0,0,0,0,0,0,0,,0,6,3,40,13.33,0,1,0,0,,,4,7.0,7.0,5.5,,188,
484,Terry Godwin\GodwTe00,JAX,WR,24,3,0,0,0,0,0,0,1,3,3.00,0,6,3,32,10.67,0,0,0,0,,,4,6.5,6.5,5.0,,192,
485,Tanner Hudson\HudsTa00,TAM,TE,26,11,0,0,0,0,0,0,0,0,,0,7,3,41,13.67,0,0,0,0,,,4,7.1,7.1,5.6,,92,
486,Juwan Johnson\JohnJu02,NOR,TE,24,7,4,0,0,0,0,0,0,0,,0,10,4,39,9.75,0,0,0,0,,,4,7.9,7.9,5.9,,93,
487,Nick Keizer\KeizNi00,KAN,TE,25,16,3,0,0,0,0,0,0,0,,0,9,6,63,10.50,0,1,1,0,,,4,10.3,11.3,7.3,,91,
488,Devine Ozigbo\OzigDe01,JAX,RB,24,8,0,0,0,0,0,0,1,1,1.00,0,9,9,42,4.67,0,0,0,0,,,4,13.3,13.3,8.8,,137,
489,Elijhaa Penny\PennEl00,NYG,RB,27,14,0,0,0,0,0,0,6,15,2.50,0,3,2,20,10.00,0,0,0,0,,,4,5.5,5.5,4.5,,139,
490,Riley Ridley\RidlRi00,CHI,WR,24,5,1,0,0,0,0,0,0,0,,0,4,4,39,9.75,0,0,0,0,,,4,7.9,7.9,5.9,,189,
491,Kahale Warring\WarrKa00,HOU,TE,23,7,0,0,0,0,0,0,0,0,,0,7,3,35,11.67,0,0,0,0,,,4,6.5,6.5,5.0,,96,
492,Charlie Woerner\WoerCh00,SFO,TE,23,14,0,0,0,0,0,0,0,0,,0,4,3,36,12.00,0,0,0,0,,,4,6.6,6.6,5.1,,94,
493,Deon Yelder\YeldDe00,KAN,TE,25,14,1,0,0,0,0,0,0,0,,0,11,7,36,5.14,0,0,0,0,,,4,10.6,10.6,7.1,,95,
494,Alex Armah\ArmaAl00,CAR,RB,26,16,1,0,0,0,0,0,6,9,1.50,0,9,5,18,3.60,0,0,0,0,,,3,7.7,7.7,5.2,,143,
495,Daniel Brown\BrowDa04,NYJ,WR,28,16,1,0,0,0,0,0,0,0,,0,2,2,31,15.50,0,0,0,0,,,3,5.1,5.1,4.1,,193,
496,Stephen Carlson\CarlSt00,CLE,TE,24,16,2,0,0,0,0,0,0,0,,0,2,1,11,11.00,0,0,0,0,1,,3,4.1,4.1,3.6,,97,
497,Ben Ellefson\ElleBe00,JAX,TE,24,7,4,0,0,0,0,0,0,0,,0,4,1,10,10.00,0,0,0,0,1,,3,4.0,4.0,3.5,,98,
498,Antonio Gandy-Golden\GandAn00,WAS,WR,22,6,2,0,0,0,0,0,1,22,22.00,0,7,1,3,3.00,0,0,0,0,,,3,3.5,3.5,3.0,,197,
499,Jaeden Graham\GrahJa01,ATL,TE,25,16,0,0,0,0,0,0,0,0,,0,5,3,25,8.33,0,0,0,0,,,3,5.5,5.5,4.0,,99,
500,Robert Griffin III\GrifRo01,BAL,QB,30,4,1,8,14,42,0,2,12,69,5.75,0,0,0,0,,0,1,1,0,,,3,2.6,5.6,4.6,,67,
501,Tyler Huntley\HuntTy01,BAL,QB,22,2,0,3,5,15,0,0,10,23,2.30,0,0,0,0,,0,0,0,0,,,3,2.9,2.9,2.9,,66,
502,Josh Malone\MaloJo00,NYJ,WR,24,4,0,0,0,0,0,0,1,12,12.00,0,6,4,16,4.00,0,0,0,0,,,3,6.8,6.8,4.8,,195,
503,Rashaad Penny\PennRa00,SEA,RB,24,3,0,0,0,0,0,0,11,34,3.09,0,0,0,0,,0,0,0,0,,,3,3.4,3.4,3.4,,140,
504,Seth Roberts\RobeSe00,CAR,WR,29,7,1,0,0,0,0,0,0,0,,0,6,4,31,7.75,0,0,0,0,,,3,7.1,7.1,5.1,,194,
505,Bo Scarbrough\ScarBo01,SEA,RB,26,1,0,0,0,0,0,0,6,31,5.17,0,0,0,0,,0,0,0,0,,,3,3.1,3.1,3.1,,141,
506,Darrius Shepherd\ShepDa00,GNB,WR,25,8,0,0,0,0,0,0,0,0,,0,8,5,46,9.20,0,1,1,0,,,3,7.6,8.6,5.1,,196,
507,Austin Walter\WaltAu00,SFO,RB,24,4,0,0,0,0,0,0,1,3,3.00,0,1,1,27,27.00,0,0,0,0,,,3,4.0,4.0,3.5,,142,
508,LeVante Bellamy\BellLe02,DEN,RB,24,5,0,0,0,0,0,0,4,11,2.75,0,1,1,5,5.00,0,0,0,0,,,2,2.6,2.6,2.1,,147,
509,David Blough\BlouDa00,DET,QB,25,1,0,6,10,49,0,1,1,18,18.00,0,0,0,0,,0,0,0,0,,,2,1.8,2.8,2.8,,74,
510,Deontay Burnett\BurnDe00,PHI,WR,23,2,0,0,0,0,0,0,0,0,,0,4,3,19,6.33,0,0,0,0,,,2,4.9,4.9,3.4,,201,
511,Antonio Callaway\CallAn00,MIA,WR,23,5,1,0,0,0,0,0,0,0,,0,4,2,20,10.00,0,0,0,0,,,2,4.0,4.0,3.0,,200,
512,Joshua Dobbs\DobbJo00,PIT,QB,25,1,0,4,5,2,0,0,2,20,10.00,0,0,0,0,,0,0,0,0,,,2,2.1,2.1,2.1,,70,
513,Rico Dowdle\DowdRi01,DAL,RB,22,15,0,0,0,0,0,0,7,24,3.43,0,0,0,0,,0,0,0,0,,,2,2.4,2.4,2.4,,144,
514,Daurice Fountain\FounDa00,IND,WR,25,5,0,0,0,0,0,0,0,0,,0,3,2,23,11.50,0,0,0,0,,,2,4.3,4.3,3.3,,198,
515,Penny Hart\HartPe01,SEA,WR,24,13,0,0,0,0,0,0,1,19,19.00,0,1,1,3,3.00,0,0,0,0,,,2,3.2,3.2,2.7,,199,
516,Brian Hoyer\HoyeBr00,NWE,QB,35,1,1,15,24,130,0,1,1,8,8.00,0,0,0,0,,0,1,1,0,,,2,2.0,4.0,3.0,,71,
517,Jason Huntley\HuntJa01,PHI,RB,22,5,0,0,0,0,0,0,5,19,3.80,0,2,1,0,0.00,0,0,0,0,,,2,2.9,2.9,2.4,,145,
518,Andy Janovich\JanoAn00,CLE,RB,27,14,3,0,0,0,0,0,2,4,2.00,0,5,2,13,6.50,0,0,0,0,,,2,3.7,3.7,2.7,,146,
519,Case Keenum\KeenCa00,CLE,QB,32,2,0,5,10,46,0,0,0,0,,0,0,0,0,,0,0,0,0,,,2,1.8,1.8,1.8,,73,
520,Dalton Keene\KeenDa00,NWE,TE,21,6,0,0,0,0,0,0,0,0,,0,5,3,16,5.33,0,1,0,0,,,2,4.6,4.6,3.1,,100,
521,Tommylee Lewis\LewiTo00,NOR,WR,28,5,0,0,0,0,0,0,2,14,7.00,0,3,1,5,5.00,0,0,0,0,,,2,2.9,2.9,2.4,,202,
522,Donte Moncrief\MoncDo00,NWE,WR,27,6,0,0,0,0,0,0,1,4,4.00,0,2,1,15,15.00,0,0,0,0,,,2,2.9,2.9,2.4,,203,
523,Colby Parkinson\ParkCo02,SEA,TE,21,6,0,0,0,0,0,0,0,0,,0,2,2,16,8.00,0,0,0,0,,,2,3.6,3.6,2.6,,101,
524,Nathan Peterman\PeteNa00,LVR,QB,26,1,0,3,5,25,0,0,1,9,9.00,0,0,0,0,,0,0,0,0,,,2,1.9,1.9,1.9,,72,
525,Scottie Phillips\PhilSc01,HOU,RB,23,8,0,0,0,0,0,0,2,9,4.50,0,1,1,7,7.00,0,0,0,0,,,2,2.6,2.6,2.1,,148,
526,John Ross\RossJo00,CIN,WR,25,3,1,0,0,0,0,0,0,0,,0,7,2,17,8.50,0,0,0,0,,,2,3.7,3.7,2.7,,204,
527,Eric Saubert\SaubEr00,JAX,TE,26,8,4,0,0,0,0,0,0,0,,0,4,3,16,5.33,0,0,0,0,,,2,4.6,4.6,3.1,,102,
528,Jaleel Scott\ScotJa02,NYJ,WR,25,1,1,0,0,0,0,0,0,0,,0,1,1,16,16.00,0,0,0,0,,,2,2.6,2.6,2.1,,205,
529,Tommy Stevens\StevTo01,CAR,QB,24,1,0,0,0,0,0,0,4,24,6.00,0,0,0,0,,0,0,0,0,,,2,2.4,2.4,2.4,,68,
530,Dwayne Washington\WashDw00,NOR,RB,26,11,0,0,0,0,0,0,8,15,1.88,0,0,0,0,,0,0,0,0,,,2,1.5,1.5,1.5,,149,
531,Jameis Winston\WinsJa00,NOR,QB,26,4,0,7,11,75,0,0,8,-6,-0.75,0,0,0,0,,0,0,0,0,,,2,2.4,2.4,2.4,,69,
532,Nick Bellore*\BellNi01,SEA,RB,31,16,0,0,0,0,0,0,1,5,5.00,0,1,1,9,9.00,0,0,0,0,,,1,2.4,2.4,1.9,,150,
533,Tyler Bray\BrayTy00,CHI,QB,29,1,0,1,5,18,0,0,0,0,,0,0,0,0,,0,0,0,0,,,1,0.7,0.7,0.7,,78,
534,Jake Butt\ButtJa00,DEN,TE,25,5,1,0,0,0,0,0,0,0,,0,4,2,5,2.50,0,0,0,0,,,1,2.5,2.5,1.5,,111,
535,Derek Carrier\CarrDe00,LVR,TE,30,16,0,0,0,0,0,0,0,0,,0,1,1,14,14.00,0,0,0,0,,,1,2.4,2.4,1.9,,103,
536,Chandler Cox\CoxxCh01,MIA,RB,24,8,3,0,0,0,0,0,0,0,,0,2,2,9,4.50,0,0,0,0,,,1,2.9,2.9,1.9,,152,
537,Josiah Deguara\DeguJo00,GNB,TE,23,2,1,0,0,0,0,0,0,0,,0,2,1,12,12.00,0,0,0,0,,,1,2.2,2.2,1.7,,104,
538,Gehrig Dieter\DietGe00,KAN,WR,27,4,0,0,0,0,0,0,0,0,,0,2,1,10,10.00,0,0,0,0,,,1,2.0,2.0,1.5,,212,
539,Brandon Dillon\DillBr00,MIN,TE,23,3,0,0,0,0,0,0,0,0,,0,1,1,6,6.00,0,0,0,0,,,1,1.6,1.6,1.1,,108,
540,D.J. Foster\FostD.01,ARI,RB,27,10,0,0,0,0,0,0,2,2,1.00,0,1,1,7,7.00,0,0,0,0,,,1,1.9,1.9,1.4,,153,
541,Bennie Fowler\FowlBe00,NOR,WR,29,5,0,0,0,0,0,0,0,0,,0,6,2,11,5.50,0,0,0,0,,,1,3.1,3.1,2.1,,210,
542,Cullen Gillaspia\GillCu00,HOU,RB,25,7,0,0,0,0,0,0,0,0,,0,1,1,6,6.00,0,0,0,0,,,1,1.6,1.6,1.1,,157,
543,Temarrick Hemingway\HemiTe00,WAS,TE,27,8,0,0,0,0,0,0,0,0,,0,2,1,10,10.00,0,0,0,0,,,1,2.0,2.0,1.5,,107,
544,Cody Hollister\HollCo00,TEN,WR,27,2,0,0,0,0,0,0,0,0,,0,1,1,12,12.00,0,0,0,0,,,1,2.2,2.2,1.7,,209,
545,Trenton Irwin\IrwiTr00,CIN,WR,25,1,0,0,0,0,0,0,0,0,,0,2,1,5,5.00,0,0,0,0,,,1,1.5,1.5,1.0,,213,
546,Blake Jarwin\JarwBl00,DAL,TE,26,1,1,0,0,0,0,0,0,0,,0,1,1,12,12.00,0,0,0,0,,,1,2.2,2.2,1.7,,105,
547,Tony Jones\JoneTo04,NOR,RB,23,1,1,0,0,0,0,0,3,13,4.33,0,0,0,0,,0,0,0,0,,,1,1.3,1.3,1.3,,151,
548,Marcus Kemp\KempMa00,2TM,WR,25,11,0,0,0,0,0,0,0,0,,0,1,1,11,11.00,0,0,0,0,,,1,2.1,2.1,1.6,,211,
549,Keith Kirkwood\KirkKe00,CAR,WR,26,1,0,0,0,0,0,0,0,0,,0,2,1,13,13.00,0,0,0,0,,,1,2.3,2.3,1.8,,207,
550,John Lovett\LoveJo02,GNB,TE,24,8,0,0,0,0,0,0,3,6,2.00,0,0,0,0,,0,0,0,0,,,1,0.6,0.6,0.6,,109,
551,A.J. McCarron\McCaA.00,HOU,QB,30,2,0,1,1,20,0,0,0,0,,0,0,0,0,,0,0,0,0,,,1,0.8,0.8,0.8,,77,
552,Lamar Miller\MillLa01,CHI,RB,29,1,0,0,0,0,0,0,0,0,,0,2,2,6,3.00,0,0,0,0,,,1,2.6,2.6,1.6,,158,
553,Senorise Perry\PerrSe00,TEN,RB,29,7,0,0,0,0,0,0,2,9,4.50,0,0,0,0,,0,0,0,0,,,1,0.9,0.9,0.9,,154,
554,James Proche\ProcJa00,BAL,WR,24,14,0,0,0,0,0,0,0,0,,0,3,1,14,14.00,0,0,0,0,,,1,2.4,2.4,1.9,,206,
555,Craig Reynolds\ReynCr00,JAX,RB,24,2,0,0,0,0,0,0,1,4,4.00,0,1,1,3,3.00,0,0,0,0,,,1,1.7,1.7,1.2,,156,
556,Geno Smith\SmitGe00,SEA,QB,30,1,0,4,5,33,0,0,2,-2,-1.00,0,0,0,0,,0,1,0,0,,,1,1.1,1.1,1.1,,76,
557,Vyncint Smith\SmitVy00,NYJ,WR,24,7,0,0,0,0,0,0,0,0,,0,3,1,13,13.00,0,0,0,0,,,1,2.3,2.3,1.8,,208,
558,Jeremy Sprinkle\SpriJe00,WAS,TE,26,16,6,0,0,0,0,0,0,0,,0,3,1,6,6.00,0,0,0,0,,,1,1.6,1.6,1.1,,110,
559,Trevon Wesco\WescTr00,NYJ,TE,25,12,4,0,0,0,0,0,1,0,0.00,0,2,1,5,5.00,0,0,0,0,,,1,1.5,1.5,1.0,,112,
560,Dexter Williams\WillDe07,GNB,RB,23,3,0,0,0,0,0,0,2,8,4.00,0,0,0,0,,0,0,0,0,,,1,0.8,0.8,0.8,,155,
561,Jonathan Williams\WillJo07,DET,RB,26,5,0,0,0,0,0,0,1,5,5.00,0,4,4,21,5.25,0,1,1,0,,,1,4.6,5.6,2.6,,159,
562,Luke Willson\WillLu00,2TM,TE,30,8,0,0,0,0,0,0,0,0,,0,3,1,12,12.00,0,0,0,0,,,1,2.2,2.2,1.7,,106,
563,Logan Woodside\WoodLo00,TEN,QB,25,6,0,1,3,7,0,0,7,10,1.43,0,0,0,0,,0,0,0,0,,,1,1.3,1.3,1.3,,75,
564,Antony Auclair\AuclAn00,TAM,,27,8,2,0,0,0,0,0,0,0,,0,1,0,0,,0,,0,0,,,,,,,,115,
565,Tavon Austin\AustTa00,GNB,WR,30,4,0,0,0,0,0,0,0,0,,0,5,5,20,4.00,0,1,1,0,,,,5.0,6.0,2.5,,215,
566,Alex Bachman\BachAl00,NYG,,24,1,0,0,0,0,0,0,0,0,,0,0,0,0,,0,,0,0,,,,,,,,216,
567,Jeff Badet\BadeJe00,WAS,,26,3,0,0,0,0,0,0,0,0,,0,1,0,0,,0,,0,0,,,,,,,,217,
568,Jake Bargas\BargJa00,MIN,,24,1,0,0,0,0,0,0,0,0,,0,0,0,0,,0,,0,0,,,,,,,,163,
569,Kenjon Barner\BarnKe00,TAM,,31,6,0,0,0,0,0,0,0,0,,0,1,0,0,,0,0,0,0,,,,,,,,164,
570,Marcus Baugh\BaugMa02,WAS,TE,26,8,1,0,0,0,0,0,0,0,,0,1,1,2,2.00,0,0,0,0,,,,1.2,1.2,0.7,,114,
571,Evan Baylis\BaylEv00,ARI,,27,5,1,0,0,0,0,0,0,0,,0,0,0,0,,0,,0,0,,,,,,,,116,
572,Andrew Beck\BeckAn01,DEN,,24,10,0,0,0,0,0,0,0,0,,0,0,0,0,,0,,0,0,,,,,,,,117,
573,Nate Becker\BeckNa00,BUF,,24,1,0,0,0,0,0,0,0,0,,0,0,0,0,,0,,0,0,,,,,,,,118,
574,Reggie Begelton\BegeRe00,GNB,,27,1,0,0,0,0,0,0,0,0,,0,0,0,0,,0,,0,0,,,,,,,,218,
575,Rashod Berry\BerrRa01,NWE,,24,3,0,0,0,0,0,0,0,0,,0,0,0,0,,0,,0,0,,,,,,,,119,
576,Darius Bradwell\BradDa00,LAC,,23,2,0,0,0,0,0,0,0,0,,0,0,0,0,,0,,0,0,,,,,,,,165,
577,Tony Brooks-James\BrooTo01,ATL,RB,26,1,0,0,0,0,0,0,3,4,1.33,0,0,0,0,,0,0,0,0,,,,0.4,0.4,0.4,,160,
578,Fred Brown\BrowFr01,DEN,,27,1,0,0,0,0,0,0,0,0,,0,0,0,0,,0,,0,0,,,,,,,,219,
579,Tony Brown\BrowTo03,WAS,,23,1,0,0,0,0,0,0,0,0,,0,0,0,0,,0,,0,0,,,,,,,,220,
580,Deante Burton\BurtDe00,DAL,,26,4,0,0,0,0,0,0,0,0,,0,0,0,0,,0,,0,0,,,,,,,,221,
581,Hakeem Butler\ButlHa00,PHI,,24,2,0,0,0,0,0,0,0,0,,0,1,0,0,,0,,0,0,,,,,,,,222,
582,Deon Cain\CainDe00,PIT,,24,2,0,0,0,0,0,0,0,0,,0,0,0,0,,0,,0,0,,,,,,,,223,
583,Raymond Calais\CalaRa00,LAR,,22,4,0,0,0,0,0,0,0,0,,0,0,0,0,,0,0,0,0,,,,,,,,166,
584,Dan Chisena\ChisDa00,MIN,,23,14,0,0,0,0,0,0,0,0,,0,0,0,0,,0,0,0,0,,,,,,,,224,
585,Matt Cole\ColeMa03,SFO,,24,1,0,0,0,0,0,0,0,0,,0,0,0,0,,0,,0,0,,,,,,,,225,
586,Nathan Cottrell\CottNa00,JAX,,24,8,0,0,0,0,0,0,0,0,,0,0,0,0,,0,0,0,0,,,,,,,,167,
587,Isaiah Coulter\CoulIs00,HOU,,22,1,0,0,0,0,0,0,0,0,,0,0,0,0,,0,,0,0,,,,,,,,226,
588,Jeremy Cox\CoxxJe00,DEN,,24,7,1,0,0,0,0,0,0,0,,0,0,0,0,,0,,0,0,,,,,,,,168,
589,Sean Culkin\CulkSe00,BAL,,27,1,0,0,0,0,0,0,0,0,,0,0,0,0,,0,,0,0,,,,,,,,120,
590,Tyler Davis\DaviTy02,JAX,,23,8,0,0,0,0,0,0,0,0,,0,2,0,0,,0,,0,0,,,,,,,,121,
591,Seth Devalve\DevaSe00,ARI,,27,4,0,0,0,0,0,0,0,0,,0,1,0,0,,0,0,0,0,,,,,,,,122,
592,Keelan Doss\DossKe00,LVR,,24,1,0,0,0,0,0,0,0,0,,0,0,0,0,,0,,0,0,,,,,,,,227,
593,Trey Edmunds\EdmuTr00,PIT,,26,4,0,0,0,0,0,0,0,0,,0,0,0,0,,0,,0,0,,,,,,,,169,
594,Rico Gafford\GaffRi00,LVR,,24,3,0,0,0,0,0,0,0,0,,0,2,0,0,,0,0,0,0,,,,,,,,228,
595,Zach Gentry\GentZa00,PIT,,24,2,1,0,0,0,0,0,0,0,,0,0,0,0,,0,,0,0,,,,,,,,123,
596,Cyril Grayson\GrayCy01,TAM,,27,3,0,0,0,0,0,0,0,0,,0,3,0,0,,0,0,0,0,,,,,,,,229,
597,Farrod Green\GreeFa00,IND,,23,1,0,0,0,0,0,0,0,0,,0,0,0,0,,0,,0,0,,,,,,,,124,
598,Garrett Griffin\GrifGa00,NOR,,26,4,3,0,0,0,0,0,0,0,,0,0,0,0,,0,,0,0,,,,,,,,125,
599,Justin Hardee\HardJu01,NOR,,26,10,0,0,0,0,0,0,0,0,,0,0,0,0,,0,,0,0,,,,,,,,230,
600,Clark Harris\HarrCl20,CIN,,36,16,0,0,0,0,0,0,0,0,,0,0,0,0,,0,,0,0,,,,,,,,126,
601,Daniel Helm\HelmDa01,SFO,,25,5,0,0,0,0,0,0,0,0,,0,0,0,0,,0,,0,0,,,,,,,,127,
602,Hale Hentges\HentHa00,MIN,,24,1,0,0,0,0,0,0,0,0,,0,0,0,0,,0,,0,0,,,,,,,,128,
603,J.P. Holtz\HoltJ.01,CHI,,27,16,1,0,0,0,0,0,0,0,,0,1,0,0,,0,0,0,0,,,,,,,,129,
604,Johnny Holton\HoltJo00,NYG,,30,1,0,0,0,0,0,0,0,0,,0,0,0,0,,0,,0,0,,,,,,,,231,
605,Brycen Hopkins\HopkBr01,LAR,,23,5,0,0,0,0,0,0,0,0,,0,0,0,0,,0,,0,0,,,,,,,,130,
606,Taiwan Jones\JoneTa00,BUF,,32,13,0,0,0,0,0,0,0,0,,0,2,0,0,,0,,0,0,,,,,,,,170,
607,Xavier Jones\JoneXa00,LAR,,23,13,0,0,0,0,0,0,0,0,,0,0,0,0,,0,0,0,0,,,,,,,,171,
608,Javon Leake\LeakJa01,WAS,,22,1,0,0,0,0,0,0,0,0,,0,0,0,0,,0,,0,0,,,,,,,,172,
609,Jordan Matthews\MattJo00,SFO,,28,2,0,0,0,0,0,0,0,0,,0,0,0,0,,0,,0,0,,,,,,,,232,
610,Sean McKeon\McKeSe01,DAL,,23,14,1,0,0,0,0,0,0,0,,0,0,0,0,,0,,0,0,,,,,,,,131,
611,Kirk Merritt\MerrKi00,MIA,,23,1,0,0,0,0,0,0,0,0,,0,0,0,0,,0,0,0,0,,,,,,,,233,
612,Marken Michel\MichMa00,CAR,,27,2,0,0,0,0,0,0,0,0,,0,0,0,0,,0,,0,0,,,,,,,,234,
613,Bruce Miller\MillBr02,JAX,RB,33,8,5,0,0,0,0,0,0,0,,0,2,1,2,2.00,0,0,0,0,,,,1.2,1.2,0.7,,162,
614,Chris Moore\MoorCh00,BAL,,27,3,0,0,0,0,0,0,0,0,,0,0,0,0,,0,,0,0,,,,,,,,235,
615,Jason Moore\MoorJa02,LAC,,25,2,0,0,0,0,0,0,0,0,,0,0,0,0,,0,,0,0,,,,,,,,236,
616,Stanley Morgan Jr.\MorgSt02,CIN,,24,6,0,0,0,0,0,0,0,0,,0,0,0,0,,0,,0,0,,,,,,,,237,
617,Chris Myarick\MyarCh00,MIA,,25,3,0,0,0,0,0,0,0,0,,0,0,0,0,,0,,0,0,,,,,,,,132,
618,Jojo Natson\NatsJo00,CLE,WR,26,3,0,0,0,0,0,0,1,3,3.00,0,0,0,0,,0,0,0,0,,,,0.3,0.3,0.3,,214,
619,Isaac Nauta\NautIs00,DET,TE,23,7,0,0,0,0,0,0,0,0,,0,2,1,3,3.00,0,0,0,0,,,,1.3,1.3,0.8,,113,
620,Qadree Ollison\OlliQa00,ATL,RB,24,3,0,0,0,0,0,0,1,3,3.00,0,0,0,0,,0,0,0,0,,,,0.3,0.3,0.3,,161,
621,Sewo Olonilua\OlonSe01,DAL,,23,2,0,0,0,0,0,0,0,0,,0,0,0,0,,0,,0,0,,,,,,,,173,
622,K.J. Osborn\OsboKJ00,MIN,,23,9,0,0,0,0,0,0,0,0,,0,0,0,0,,0,2,0,0,,,,,,,,238,
623,Dezmon Patmon\PatmDe00,IND,,22,1,0,0,0,0,0,0,0,0,,0,0,0,0,,0,,0,0,,,,,,,,239,
624,Trey Quinn\QuinTr00,JAX,,25,1,0,0,0,0,0,0,0,0,,0,0,0,0,,0,0,0,0,,,,,,,,240,
625,Kevin Rader\RadeKe00,PIT,,25,1,1,0,0,0,0,0,0,0,,0,1,0,0,,0,,0,0,,,,,,,,133,
626,Chris Rowland\RowlCh00,ATL,,23,2,0,0,0,0,0,0,0,0,,0,0,0,0,,0,0,0,0,,,,,,,,241,
627,Matt Schaub\SchaMa00,ATL,QB,39,1,0,0,0,0,0,0,3,-4,-1.33,0,0,0,0,,0,0,0,0,,,,-0.4,-0.4,-0.4,,80,
628,Mason Schreck\SchrMa00,CIN,,27,14,1,0,0,0,0,0,0,0,,0,1,0,0,,0,,0,0,,,,,,,,134,
629,Ricky Seals-Jones\SealRi00,KAN,,25,2,0,0,0,0,0,0,0,0,,0,1,0,0,,0,,0,0,,,,,,,,135,
630,Tajae Sharpe\SharTa00,MIN,,26,4,0,0,0,0,0,0,0,0,,0,3,0,0,,0,,0,0,,,,,,,,242,
631,Matthew Slater*\SlatMa00,NWE,,35,16,0,0,0,0,0,0,0,0,,0,0,0,0,,0,,0,0,,,,,,,,243,
632,Wendell Smallwood\SmalWe00,PIT,,26,1,0,0,0,0,0,0,0,0,,0,0,0,0,,0,,0,0,,,,,,,,174,
633,Matt Sokol\SokoMa00,LAC,,25,2,0,0,0,0,0,0,0,0,,0,0,0,0,,0,,0,0,,,,,,,,136,
634,Easton Stick\SticEa00,LAC,QB,25,1,0,1,1,4,0,0,1,-2,-2.00,0,0,0,0,,0,0,0,0,,,,,,,,79,
635,Stephen Sullivan\SullSt00,SEA,,24,1,0,0,0,0,0,0,0,0,,0,0,0,0,,0,,0,0,,,,,,,,137,
636,Taywan Taylor\TaylTa00,CLE,,25,3,0,0,0,0,0,0,0,0,,0,1,0,0,,0,,0,0,,,,,,,,244,
637,Noah Togiai\TogiNo00,IND,,23,4,0,0,0,0,0,0,0,0,,0,1,0,0,,0,,0,0,,,,,,,,138,
638,Eric Tomlinson\TomlEr01,2TM,,28,7,2,0,0,0,0,0,0,0,,0,1,0,0,,0,,0,0,,,,,,,,139,
639,Ross Travis\TravRo00,NYJ,,27,1,0,0,0,0,0,0,0,0,,0,0,0,0,,0,,0,0,,,,,,,,140,
640,Malik Turner\TurnMa00,DAL,,24,6,0,0,0,0,0,0,0,0,,0,0,0,0,,0,,0,0,,,,,,,,245,
641,Michael Warren\WarrMi01,WAS,,22,1,0,0,0,0,0,0,0,0,,0,0,0,0,,0,,0,0,,,,,,,,175,
642,Derek Watt\WattDe00,PIT,,28,12,0,0,0,0,0,0,0,0,,0,0,0,0,,0,0,0,0,,,,,,,,2,
643,Joe Webb\WebbJo00,NYG,,34,2,0,0,0,0,0,0,0,0,,0,0,0,0,,0,,0,0,,,,,,,,246,
644,Kevin White\WhitKe00,SFO,,28,3,0,0,0,0,0,0,0,0,,0,0,0,0,,0,0,0,0,,,,,,,,247,
645,Kristian Wilkerson\WilkKr00,NWE,,23,1,0,0,0,0,0,0,0,0,,0,0,0,0,,0,,0,0,,,,,,,,248,
646,Derrick Willies\WillDe06,CLE,,26,1,0,0,0,0,0,0,0,0,,0,0,0,0,,0,,0,0,,,,,,,,249,
647,Duke Williams\WillDu01,BUF,,28,1,0,0,0,0,0,0,0,0,,0,0,0,0,,0,,0,0,,,,,,,,250,
648,Caleb Wilson\WilsCa00,PHI,,24,5,0,0,0,0,0,0,0,0,,0,0,0,0,,0,,0,0,,,,,,,,141,
649,Juwann Winfree\WinfJu00,GNB,,24,2,0,0,0,0,0,0,0,0,,0,0,0,0,,0,,0,0,,,,,,,,251,
650,Tim Boyle\BoylTi00,GNB,QB,26,8,0,0,0,0,0,0,13,-9,-0.69,0,0,0,0,,0,1,0,0,,,-1,-0.9,-0.9,-0.9,,81,
651,DeAndre Carter\CartDe02,2TM,WR,27,13,0,0,0,0,0,0,0,0,,0,2,1,8,8.00,0,2,1,0,,,-1,-0.2,0.8,-0.7,,253,
652,Adrian Killins\KillAd00,PHI,RB,22,1,0,0,0,0,0,0,1,-12,-12.00,0,1,1,2,2.00,0,0,0,0,,,-1,,,-0.5,,176,
653,Andre Roberts*\RobeAn00,BUF,WR,32,15,0,0,0,0,0,0,1,-3,-3.00,0,5,4,34,8.50,0,3,2,0,,,-1,3.1,5.1,1.1,,252,
654,Dwayne Harris\HarrDw00,CHI,,33,3,0,0,0,0,0,0,0,0,,0,0,0,0,,0,1,1,0,,,-2,-2.0,-1.0,-2.0,,255,
655,Nate Sudfeld\SudfNa00,PHI,QB,27,1,0,5,12,32,0,1,2,12,6.00,0,0,0,0,,0,1,1,0,,,-2,-1.5,0.5,-0.5,,82,
656,Nsimba Webster\WebsNs00,LAR,,24,16,0,0,0,0,0,0,0,0,,0,0,0,0,,0,3,1,0,,,-2,-2.0,-1.0,-2.0,,256,
657,Dede Westbrook\WestDe00,JAX,WR,27,2,0,0,0,0,0,0,0,0,,0,1,1,4,4.00,0,1,1,0,,,-2,-0.6,0.4,-1.1,,254,
658,Kendall Hinton\HintKe00,DEN,WR,23,1,0,1,9,13,0,2,2,7,3.50,0,0,0,0,,0,0,0,0,,,-3,-2.8,-0.8,-0.8,,257,