Rk,Player,Tm,FantPos,Age,G,GS,Cmp,Att,Yds,TD,Int,Att,Yds,Y/A,TD,Tgt,Rec,Yds,Y/R,TD,Fmb,FL,TD,2PM,2PP,FantPt,PPR,DKPt,FDPt,VBD,PosRank,OvRank
1,Derrick Henry *+\HenrDe00,TEN,RB,26,16,16,0,0,0,0,0,378,2027,5.36,17,31,19,114,6.00,0,3,2,17,1,,314,333.1,341.1,323.6,184,1,1
2,Alvin Kamara *\KamaAl00,NOR,RB,25,15,10,0,0,0,0,0,187,932,4.98,16,107,83,756,9.11,5,1,0,21,,,295,377.8,383.8,336.3,165,2,2
3,Dalvin Cook*\CookDa01,MIN,RB,25,14,14,0,0,0,0,0,312,1557,4.99,16,54,44,361,8.20,1,5,3,17,3,,294,337.8,346.8,315.8,164,3,3
4,Travis Kelce*+\KelcTr00,KAN,TE,31,15,15,1,2,4,0,0,0,0,,0,145,105,1416,13.49,11,1,1,11,1,,208,312.8,316.8,260.3,117,1,4
5,Davante Adams*+\AdamDa01,GNB,WR,28,14,14,0,0,0,0,0,0,0,,0,149,115,1374,11.95,18,1,1,18,,,243,358.4,362.4,300.9,117,1,5
6,Tyreek Hill*+\HillTy00,KAN,WR,26,15,15,0,0,0,0,0,13,123,9.46,2,135,87,1276,14.67,15,1,0,17,,,242,328.9,334.9,285.4,116,2,6
7,Josh Allen *\AlleJo02,BUF,QB,24,16,16,396,572,4544,37,10,102,421,4.13,8,1,1,12,12.00,1,9,6,9,,,395,396.1,418.1,405.6,113,1,7
8,Aaron Rodgers *+\RodgAa00,GNB,QB,37,16,16,372,526,4299,48,5,38,149,3.92,3,1,1,-6,-6.00,0,4,2,3,,,382,383.3,396.3,387.8,100,2,8
9,Kyler Murray *\MurrKy00,ARI,QB,23,16,16,375,558,3971,26,12,133,819,6.16,11,0,0,0,,0,9,4,11,,,379,378.7,400.7,390.7,96,3,9
10,Patrick Mahomes *\MahoPa00,KAN,QB,25,15,15,390,588,4740,38,6,62,308,4.97,2,2,0,0,,0,5,2,2,,3,374,374.4,388.4,380.4,92,4,10
11,Deshaun Watson *\WatsDe00,HOU,QB,25,16,16,382,544,4823,33,7,90,444,4.93,3,0,0,0,,0,8,3,3,,1,369,369.3,385.3,376.3,87,5,11
12,Jonathan Taylor\TaylJo02,IND,RB,21,15,13,0,0,0,0,0,232,1169,5.04,11,39,36,299,8.31,1,1,1,12,,,217,252.8,259.8,234.8,87,4,12
13,Aaron Jones*\JoneAa00,GNB,RB,26,14,14,0,0,0,0,0,201,1104,5.49,9,63,47,355,7.55,2,2,0,11,,,212,258.9,264.9,235.4,82,5,13
14,Darren Waller*\WallDa01,LVR,TE,28,16,15,0,0,0,0,0,0,0,,0,145,107,1196,11.18,9,2,2,9,1,,172,278.6,283.6,225.1,81,2,14
15,David Montgomery\MontDa01,CHI,RB,23,15,14,0,0,0,0,0,247,1070,4.33,8,68,54,438,8.11,2,1,1,10,1,,211,264.8,271.8,237.8,81,6,15
16,Russell Wilson *\WilsRu00,SEA,QB,32,16,16,384,558,4212,40,13,83,513,6.18,2,0,0,0,,0,7,4,2,,1,360,359.8,382.8,372.8,77,6,16
17,Stefon Diggs*+\DiggSt00,BUF,WR,27,16,15,0,0,0,0,0,1,1,1.00,0,166,127,1535,12.09,8,0,0,8,,,202,328.6,331.6,265.1,75,3,17
18,James Robinson\RobiJa00,JAX,RB,22,14,14,0,0,0,0,0,240,1070,4.46,7,60,49,344,7.02,3,3,1,10,1,,201,250.4,257.4,225.9,71,7,18
19,Josh Jacobs*\JacoJo01,LVR,RB,22,15,15,0,0,0,0,0,273,1065,3.90,12,45,33,238,7.21,0,2,2,12,,,198,231.3,239.3,214.8,68,8,19
20,Calvin Ridley\RidlCa00,ATL,WR,26,15,15,0,0,0,0,0,5,1,0.20,0,143,90,1374,15.27,9,1,1,9,1,,192,281.5,285.5,236.5,65,4,20
21,D.K. Metcalf*\MetcDK00,SEA,WR,23,16,16,0,0,0,0,0,0,0,,0,129,83,1303,15.70,10,1,1,10,,,188,271.3,275.3,229.8,62,5,21
22,Nick Chubb*\ChubNi00,CLE,RB,25,12,12,0,0,0,0,0,190,1067,5.62,12,18,16,150,9.38,0,1,1,12,,,192,207.7,214.7,199.7,62,9,22
23,Ryan Tannehill\TannRy00,TEN,QB,32,16,16,315,481,3819,33,7,43,266,6.19,7,1,1,0,0.00,0,6,1,7,2,1,343,344.4,358.4,350.9,61,7,23
24,Justin Jefferson *\JeffJu00,MIN,WR,21,16,14,0,0,0,0,0,1,2,2.00,0,125,88,1400,15.91,7,1,0,7,2,,186,274.2,277.2,230.2,60,6,24
25,Tom Brady\BradTo00,TAM,QB,43,16,16,401,610,4633,40,12,30,6,0.20,3,0,0,0,,0,4,1,3,,,338,337.9,353.9,349.9,55,8,25
26,Adam Thielen\ThieAd00,MIN,WR,30,15,15,0,0,0,0,0,3,15,5.00,0,108,74,925,12.50,14,0,0,14,1,,180,254.0,257.0,217.0,54,7,26
27,Mike Evans\EvanMi00,TAM,WR,27,16,16,0,0,0,0,0,0,0,,0,109,70,1006,14.37,13,0,0,13,,,179,248.6,251.6,213.6,52,8,27
28,A.J. Brown*\BrowAJ00,TEN,WR,23,14,12,0,0,0,0,0,0,0,,0,106,70,1075,15.36,11,2,1,12,,,178,247.5,251.5,212.5,51,9,28
29,Justin Herbert\HerbJu00,LAC,QB,22,15,15,396,595,4336,31,10,55,234,4.25,5,0,0,0,,0,8,1,5,,2,333,332.8,349.8,342.8,50,9,29
30,Lamar Jackson\JackLa00,BAL,QB,23,15,15,242,376,2757,26,9,159,1005,6.32,7,0,0,0,,0,10,4,7,,1,333,332.8,351.8,341.8,50,10,30
31,Kareem Hunt\HuntKa00,CLE,RB,25,16,5,0,0,0,0,0,198,841,4.25,6,51,38,304,8.00,5,2,0,11,,,181,218.5,224.5,199.5,50,10,31
32,DeAndre Hopkins*\HopkDe00,ARI,WR,28,16,16,0,0,0,0,0,1,1,1.00,0,160,115,1407,12.23,6,3,2,6,,,173,287.8,292.8,230.3,46,10,32
33,Ezekiel Elliott\ElliEz00,DAL,RB,25,15,15,0,0,0,0,0,244,979,4.01,6,71,52,338,6.50,2,6,5,8,1,,172,223.7,234.7,197.7,42,11,33
34,Tyler Lockett\LockTy00,SEA,WR,28,16,16,0,0,0,0,0,0,0,,0,132,100,1054,10.54,10,1,0,10,,,165,265.4,268.4,215.4,39,11,34
35,Kenyan Drake\DrakKe00,ARI,RB,26,15,13,0,0,0,0,0,239,955,4.00,10,31,25,137,5.48,0,3,1,10,,,167,192.2,199.2,179.7,37,12,35
36,Melvin Gordon\GordMe00,DEN,RB,27,15,10,0,0,0,0,0,215,986,4.59,9,44,32,158,4.94,1,4,4,10,,,166,198.4,208.4,182.4,36,13,36
37,Antonio Gibson\GibsAn00,WAS,RB,22,14,10,0,0,0,0,0,170,795,4.68,11,44,36,247,6.86,0,2,2,11,,,166,202.2,210.2,184.2,36,14,37
38,Allen Robinson\RobiAl02,CHI,WR,27,16,16,0,0,0,0,0,1,-1,-1.00,0,151,102,1250,12.25,6,0,0,6,,,161,262.9,265.9,211.9,35,12,38
39,Robert Tonyan\TonyRo00,GNB,TE,26,16,8,0,0,0,0,0,0,0,,0,59,52,586,11.27,11,0,0,11,,,125,176.6,179.6,150.6,34,3,39
40,Robert Woods\WoodRo02,LAR,WR,28,16,16,0,0,0,0,0,24,155,6.46,2,129,90,936,10.40,6,2,1,8,,,155,245.1,252.1,200.1,29,13,40
41,Ronald Jones II\JoneRo01,TAM,RB,23,14,13,0,0,0,0,0,192,978,5.09,7,42,28,165,5.89,1,2,2,8,,,158,186.3,194.3,172.3,28,15,41
42,Chase Claypool\ClayCh01,PIT,WR,22,16,6,0,0,0,0,0,10,16,1.60,2,109,62,873,14.08,9,3,1,11,,,153,214.9,218.9,183.9,27,14,42
43,Marvin Jones\JoneMa02,DET,WR,30,16,16,0,0,0,0,0,0,0,,0,115,76,978,12.87,9,0,0,9,,,152,227.8,230.8,189.8,25,15,43
44,Brandin Cooks\CookBr00,HOU,WR,27,15,15,0,0,0,0,0,0,0,,0,119,81,1150,14.20,6,0,0,6,,,151,232.0,235.0,191.5,25,16,44
45,Kirk Cousins\CousKi00,MIN,QB,32,16,16,349,516,4265,35,13,32,156,4.88,1,0,0,0,,0,9,5,1,,5,306,306.2,330.2,319.2,24,11,45
46,Taysom Hill\HillTa00,NOR,WR,30,16,8,88,121,928,4,2,87,457,5.25,8,12,8,98,12.25,1,10,5,9,,,149,156.6,169.6,154.6,22,17,46
47,Mark Andrews\AndrMa00,BAL,TE,25,14,2,0,0,0,0,0,0,0,,0,88,58,701,12.09,7,2,0,7,,,112,170.1,173.1,141.1,22,4,47
48,Chris Carson\CarsCh00,SEA,RB,26,12,12,0,0,0,0,0,141,681,4.83,5,46,37,287,7.76,4,1,0,9,,,151,187.8,193.8,169.3,21,16,48
49,J.K. Dobbins\DobbJK00,BAL,RB,22,15,1,0,0,0,0,0,134,805,6.01,9,24,18,120,6.67,0,2,0,9,2,,151,168.5,174.5,159.5,20,17,49
50,D.J. Moore\MoorD.00,CAR,WR,23,15,14,0,1,0,0,0,2,22,11.00,0,118,66,1193,18.08,4,0,0,4,,,146,211.5,214.5,178.5,19,18,50
51,Keenan Allen *\AlleKe00,LAC,WR,28,14,13,0,1,0,0,0,1,-1,-1.00,0,147,100,992,9.92,8,3,2,8,1,,145,245.1,250.1,195.1,19,19,51
52,Amari Cooper\CoopAm00,DAL,WR,26,16,15,0,0,0,0,0,6,14,2.33,0,130,92,1114,12.11,5,0,0,5,1,,145,236.8,239.8,190.8,18,20,52
53,T.J. Hockenson *\HockTJ00,DET,TE,23,16,16,0,0,0,0,0,1,0,0.00,0,101,67,723,10.79,6,1,1,6,1,,108,175.3,179.3,141.8,18,5,53
54,Mike Davis\DaviMi01,CAR,RB,27,15,12,0,0,0,0,0,165,642,3.89,6,70,59,373,6.32,2,1,1,8,,,148,206.5,213.5,177.0,17,18,54
55,CeeDee Lamb\LambCe00,DAL,WR,21,16,14,0,0,0,0,0,10,82,8.20,1,111,74,935,12.64,5,2,1,7,1,,144,217.7,221.7,180.7,17,21,55
56,David Johnson\JohnDa08,HOU,RB,29,12,12,0,0,0,0,0,147,691,4.70,6,46,33,314,9.52,2,2,1,8,,,147,179.5,186.5,163.0,16,19,56
57,Mike Gesicki\GesiMi00,MIA,TE,25,15,9,0,0,0,0,0,0,0,,0,85,53,703,13.26,6,0,0,6,,,106,159.3,162.3,132.8,16,6,57
58,Logan Thomas\ThomLo00,WAS,TE,29,16,15,1,1,28,0,0,3,5,1.67,0,110,72,670,9.31,6,0,0,6,,,105,176.6,179.6,140.6,14,7,58
59,Rob Gronkowski\GronRo00,TAM,TE,31,16,16,0,0,0,0,0,0,0,,0,77,45,623,13.84,7,1,0,7,,,104,149.3,152.3,126.8,14,8,59
60,D'Andre Swift\SwifDA00,DET,RB,21,13,4,0,0,0,0,0,114,521,4.57,8,57,46,357,7.76,2,3,2,10,,,144,189.8,197.8,166.8,14,20,60
61,Miles Sanders\SandMi01,PHI,RB,23,12,11,0,0,0,0,0,164,867,5.29,6,52,28,197,7.04,0,4,2,6,2,,142,170.4,178.4,156.4,12,21,61
62,Nelson Agholor\AghoNe00,LVR,WR,27,16,13,0,0,0,0,0,0,0,,0,82,48,896,18.67,8,0,0,8,,,138,185.6,188.6,161.6,11,22,62
63,JuJu Smith-Schuster\SmitJu00,PIT,WR,24,16,14,0,0,0,0,0,0,0,,0,128,97,831,8.57,9,3,1,9,1,,137,234.1,238.1,185.6,11,23,63
64,Terry McLaurin\McLaTe00,WAS,WR,25,15,15,0,0,0,0,0,2,30,15.00,0,134,87,1118,12.85,4,1,1,4,,,137,223.8,227.8,180.3,10,24,64
65,Clyde Edwards-Helaire\EdwaCl00,KAN,RB,21,13,13,0,0,0,0,0,181,803,4.44,4,54,36,297,8.25,1,0,0,5,,,140,176.0,182.0,158.0,10,22,65
66,Will Fuller\FullWi01,HOU,WR,26,11,11,0,0,0,0,0,1,0,0.00,0,75,53,879,16.58,8,0,0,8,,,136,188.9,191.9,162.4,10,25,66
67,Jonnu Smith\SmitJo01,TEN,TE,25,15,14,0,0,0,0,0,2,4,2.00,1,65,41,448,10.93,8,0,0,9,,,99,140.2,143.2,119.7,9,9,67
68,Curtis Samuel\SamuCu00,CAR,WR,24,15,5,0,0,0,0,0,41,200,4.88,2,97,77,851,11.05,3,1,0,5,,,135,212.1,218.1,173.6,9,26,68
69,Todd Gurley\GurlTo01,ATL,RB,26,15,15,0,0,0,0,0,195,678,3.48,9,35,25,164,6.56,0,2,0,9,,,138,163.2,169.2,150.7,8,23,69
70,Diontae Johnson\JohnDi01,PIT,WR,24,15,13,0,0,0,0,0,3,15,5.00,0,144,88,923,10.49,7,2,1,7,,,134,221.8,225.8,177.8,7,27,70
71,Jimmy Graham\GrahJi00,CHI,TE,34,16,15,0,0,0,0,0,0,0,,0,76,50,456,9.12,8,1,0,8,,,94,143.6,146.6,118.6,3,10,71
72,Robby Anderson\AndeRo04,CAR,WR,27,16,16,0,0,0,0,0,4,15,3.75,0,136,95,1096,11.54,3,1,1,3,1,,129,224.1,228.1,176.6,3,28,72
73,Hayden Hurst\HursHa00,ATL,TE,27,16,9,0,0,0,0,0,0,0,,0,88,56,571,10.20,6,0,0,6,,,93,149.1,152.1,121.1,3,11,73
74,Tee Higgins\HiggTe00,CIN,WR,21,16,14,0,0,0,0,0,5,28,5.60,0,108,67,908,13.55,6,1,1,6,,,128,194.6,198.6,161.1,1,29,74
75,Derek Watt\WattDe00,PIT,,28,12,0,0,0,0,0,0,0,0,,0,0,0,0,,0,0,0,0,,,,,,,,2,75
76,Johnny Stanton\StanJo02,CLE,,26,1,0,0,0,0,0,0,0,0,,0,0,0,0,,0,0,0,0,,,,,,,,1,76
77,Nyheim Hines\HineNy00,IND,RB,24,16,2,0,0,0,0,0,89,380,4.27,3,76,63,482,7.65,4,0,0,7,1,,130,193.2,199.2,161.7,,24,77
78,Matt Ryan\RyanMa00,ATL,QB,35,16,16,407,626,4581,26,11,29,92,3.17,2,0,0,0,,0,6,3,2,,1,282,282.4,299.4,293.4,,12,78
79,Derek Carr\CarrDe02,LVR,QB,29,16,16,348,517,4103,27,9,39,140,3.59,3,0,0,0,,0,11,8,3,,1,272,272.1,295.1,281.1,,13,
80,Ben Roethlisberger\RoetBe00,PIT,QB,38,15,15,399,608,3803,33,10,25,11,0.44,0,0,0,0,,0,5,1,0,,2,267,267.2,281.2,277.2,,14,
81,Matthew Stafford\StafMa00,DET,QB,32,16,16,339,528,4084,26,10,29,112,3.86,0,1,0,0,,0,2,1,0,,2,261,260.6,277.6,270.6,,15,
82,Cam Newton\NewtCa00,NWE,QB,31,15,15,242,368,2657,8,10,137,592,4.32,12,2,2,35,17.50,1,6,1,13,,1,259,261.0,278.0,270.0,,16,
83,Baker Mayfield\MayfBa00,CLE,QB,25,16,16,305,486,3563,26,8,54,165,3.06,1,1,1,6,6.00,0,8,4,1,,1,248,248.6,266.6,256.1,,17,
84,Teddy Bridgewater\BridTe00,CAR,QB,28,15,15,340,492,3733,15,11,53,279,5.26,5,0,0,0,,0,6,3,5,,1,241,241.2,261.2,252.2,,18,
85,Jared Goff\GoffJa00,LAR,QB,26,15,15,370,552,3952,20,13,51,99,1.94,4,0,0,0,,0,7,4,4,,1,240,240.0,260.0,253.0,,19,
86,Philip Rivers\RivePh00,IND,QB,39,16,16,369,543,4169,24,11,18,-8,-0.44,0,0,0,0,,0,2,1,0,,1,240,240.0,255.0,251.0,,20,
87,Drew Brees\BreeDr00,NOR,QB,41,12,12,275,390,2942,24,6,18,-2,-0.11,2,0,0,0,,0,6,2,2,,,209,209.5,220.5,215.5,,21,
88,Carson Wentz\WentCa00,PHI,QB,28,12,12,251,437,2620,16,15,52,276,5.31,5,0,0,0,,0,10,4,5,,5,198,198.4,223.4,213.4,,22,
89,Drew Lock\LockDr00,DEN,QB,24,13,13,254,443,2933,16,15,44,160,3.64,3,0,0,0,,0,8,3,3,,1,181,181.3,205.3,196.3,,23,
90,Daniel Jones\JoneDa05,NYG,QB,23,14,14,280,448,2943,11,10,65,423,6.51,1,0,0,0,,0,11,6,1,,1,180,180.0,202.0,190.0,,24,
91,Joe Burrow\BurrJo01,CIN,QB,24,10,10,264,404,2688,13,5,37,142,3.84,3,0,0,0,,0,9,4,3,,,174,173.7,188.7,178.7,,25,
92,Gardner Minshew II\MinsGa00,JAX,QB,24,9,8,216,327,2259,16,5,29,153,5.28,1,1,1,0,0.00,0,5,4,1,,1,160,160.7,175.7,165.2,,26,
93,Mitchell Trubisky\TrubMi00,CHI,QB,26,10,9,199,297,2055,16,8,33,195,5.91,1,0,0,0,,0,6,2,1,,1,154,153.7,169.7,161.7,,27,
94,Ryan Fitzpatrick\FitzRy00,MIA,QB,38,9,7,183,267,2091,13,8,30,151,5.03,2,1,1,0,0.00,0,2,0,2,1,2,153,153.7,167.7,161.2,,28,
95,Andy Dalton\DaltAn00,DAL,QB,33,11,9,216,333,2170,14,8,28,114,4.07,0,1,1,-3,-3.00,0,2,1,0,,,136,136.9,151.9,144.4,,29,
96,Dak Prescott\PresDa01,DAL,QB,27,5,5,151,222,1856,9,4,18,93,5.17,3,1,1,11,11.00,1,3,3,4,1,1,135,135.6,145.6,139.1,,31,
97,Tua Tagovailoa\TagoTu00,MIA,QB,22,10,9,186,290,1814,11,5,36,109,3.03,3,0,0,0,,0,1,1,3,,1,135,135.5,147.5,140.5,,30,
98,Sam Darnold\DarnSa00,NYJ,QB,23,12,12,217,364,2208,9,11,37,217,5.86,2,0,0,0,,0,4,2,2,,1,134,134.0,153.0,145.0,,32,
99,James Conner\ConnJa00,PIT,RB,25,13,11,0,0,0,0,0,169,721,4.27,6,43,35,215,6.14,0,2,0,6,,,130,164.6,170.6,147.1,,25,
100,Jeff Wilson\WilsJe01,SFO,RB,25,12,3,0,0,0,0,0,126,600,4.76,7,28,13,133,10.23,3,2,2,10,,,129,142.3,150.3,135.8,,26,
101,Cole Beasley\BeasCo00,BUF,WR,31,15,10,1,1,20,1,0,0,0,,0,107,82,967,11.79,4,0,0,4,,,126,207.5,210.5,166.5,,32,
102,Corey Davis\DaviCo03,TEN,WR,25,14,12,0,0,0,0,0,0,0,,0,92,65,984,15.14,5,1,1,5,,,126,191.4,195.4,158.9,,30,
103,Chris Godwin\GodwCh00,TAM,WR,24,12,12,0,0,0,0,0,0,0,,0,84,65,840,12.92,7,1,0,7,,,126,191.0,194.0,158.5,,31,
104,Brandon Aiyuk\AiyuBr00,SFO,WR,22,12,11,0,0,0,0,0,6,77,12.83,2,96,60,748,12.47,5,0,0,7,,,125,184.5,187.5,154.5,,34,
105,Marquise Brown\BrowMa04,BAL,WR,23,16,14,0,0,0,0,0,1,1,1.00,0,100,58,769,13.26,8,0,0,8,,,125,183.0,186.0,154.0,,33,
106,Myles Gaskin\GaskMy00,MIA,RB,23,10,7,0,0,0,0,0,142,584,4.11,3,47,41,388,9.46,2,2,2,5,,,123,164.2,172.2,143.7,,27,
107,Gus Edwards\EdwaGu00,BAL,RB,25,16,6,0,0,0,0,0,144,723,5.02,6,13,9,129,14.33,0,1,1,6,,,119,128.2,135.2,123.7,,28,
108,Cooper Kupp\KuppCo00,LAR,WR,27,15,12,0,0,0,0,0,4,33,8.25,0,124,92,974,10.59,3,1,1,3,,,117,208.7,212.7,162.7,,35,
109,Wayne Gallman\GallWa00,NYG,RB,26,15,10,0,0,0,0,0,147,682,4.64,6,27,21,114,5.43,0,1,0,6,,,116,136.6,142.6,126.1,,29,
110,Jarvis Landry\LandJa00,CLE,WR,28,15,14,4,4,74,1,0,4,10,2.50,1,101,72,840,11.67,3,2,0,4,,,116,188.0,191.0,152.0,,36,
111,Nick Mullens\MullNi00,SFO,QB,25,10,8,211,326,2437,12,12,9,8,0.89,0,0,0,0,,0,6,4,0,,1,116,116.3,135.3,128.3,,33,
112,Chase Edmonds\EdmoCh00,ARI,RB,24,16,2,0,0,0,0,0,97,448,4.62,1,67,53,402,7.58,4,2,0,5,,,115,168.0,174.0,141.5,,30,
113,Tyler Boyd\BoydTy00,CIN,WR,26,15,8,1,2,16,0,0,5,49,9.80,0,110,79,841,10.65,4,1,0,4,,,114,192.6,195.6,153.1,,38,
114,Michael Gallup\GallMi00,DAL,WR,24,16,15,0,0,0,0,0,0,0,,0,105,59,843,14.29,5,0,0,5,,,114,173.3,176.3,143.8,,37,
115,Darrell Henderson\HendDa00,LAR,RB,23,15,11,0,0,0,0,0,138,624,4.52,5,24,16,159,9.94,1,0,0,6,,,114,130.3,136.3,122.3,,31,
116,Jamison Crowder\CrowJa00,NYJ,WR,27,12,7,1,1,43,1,0,1,14,14.00,0,89,59,699,11.85,6,0,0,6,,,113,172.0,175.0,142.5,,39,
117,Latavius Murray\MurrLa00,NOR,RB,30,15,7,0,0,0,0,0,146,656,4.49,4,26,23,176,7.65,1,1,0,5,,,113,136.2,142.2,124.7,,32,
118,Adrian Peterson\PeteAd01,DET,RB,35,16,10,0,0,0,0,0,156,604,3.87,7,18,12,101,8.42,0,0,0,7,,,113,124.5,130.5,118.5,,33,
119,Giovani Bernard\BernGi00,CIN,RB,29,16,10,0,0,0,0,0,124,416,3.35,3,59,47,355,7.55,3,1,1,6,,,111,158.1,165.1,134.6,,36,
120,Austin Ekeler\EkelAu00,LAC,RB,25,10,10,0,0,0,0,0,116,530,4.57,1,65,54,403,7.46,2,1,0,3,,,111,165.3,171.3,138.3,,35,
121,J.D. McKissic\McKiJ.00,WAS,RB,27,16,7,0,0,0,0,0,85,365,4.29,1,110,80,589,7.36,2,3,1,3,,,111,191.4,198.4,151.4,,34,
122,Tim Patrick\PatrTi00,DEN,WR,27,15,15,0,0,0,0,0,0,0,,0,79,51,742,14.55,6,0,0,6,,,110,161.2,164.2,135.7,,40,
123,Russell Gage\GageRu00,ATL,WR,24,16,8,1,2,39,1,0,2,9,4.50,0,109,72,786,10.92,4,0,0,4,,,109,181.1,184.1,145.1,,41,
124,T.Y. Hilton\HiltT.00,IND,WR,31,15,15,0,0,0,0,0,0,0,,0,93,56,762,13.61,5,0,0,5,1,,108,164.2,167.2,136.2,,42,
125,Jalen Hurts\HurtJa00,PHI,QB,22,15,4,77,148,1061,6,4,63,354,5.62,3,1,1,3,3.00,0,9,2,3,,,108,109.1,121.1,112.6,,34,
126,Jerry Jeudy\JeudJe00,DEN,WR,21,16,14,0,0,0,0,0,0,0,,0,113,52,856,16.46,3,2,0,3,1,,106,157.6,160.6,131.6,,44,
127,Devin Singletary\SingDe00,BUF,RB,23,16,16,0,0,0,0,0,156,687,4.40,2,50,38,269,7.08,0,1,1,2,,,106,143.6,150.6,124.6,,37,
128,Mike Williams\WillMi07,LAC,WR,26,15,11,0,0,0,0,0,1,1,1.00,0,85,48,756,15.75,5,0,0,5,,,106,153.7,156.7,129.7,,43,
129,Nick Foles\FoleNi00,CHI,QB,31,9,7,202,312,1852,10,8,16,1,0.06,1,0,0,0,,0,2,0,1,,,104,104.2,115.2,112.2,,35,
130,Emmanuel Sanders\SandEm00,NOR,WR,33,14,5,0,0,0,0,0,1,12,12.00,0,82,61,726,11.90,5,1,0,5,,,104,164.8,167.8,134.3,,46,
131,Marquez Valdes-Scantling\ValdMa00,GNB,WR,26,16,12,0,0,0,0,0,4,13,3.25,0,63,33,690,20.91,6,1,1,6,,,104,137.3,141.3,120.8,,45,
132,DeVante Parker\ParkDe01,MIA,WR,27,14,11,0,0,0,0,0,0,0,,0,103,63,793,12.59,4,1,0,4,,,103,166.3,169.3,134.8,,47,
133,Gabriel Davis\DaviGa01,BUF,WR,21,16,11,0,0,0,0,0,1,0,0.00,0,62,35,599,17.11,7,1,0,7,,,102,136.9,139.9,119.4,,48,
134,DJ Chark\CharDJ00,JAX,WR,24,13,12,0,0,0,0,0,0,0,,0,93,53,706,13.32,5,0,0,5,,,101,153.6,156.6,127.1,,49,
135,Keelan Cole\ColeKe00,JAX,WR,27,16,5,0,0,0,0,0,1,2,2.00,0,88,55,642,11.67,5,0,0,6,,,100,155.4,158.4,127.9,,50,
136,Laviska Shenault Jr.\ShenLa00,JAX,WR,22,14,12,0,0,0,0,0,18,91,5.06,0,79,58,600,10.34,5,0,0,5,,,99,157.1,160.1,128.1,,51,
137,Christian Kirk\KirkCh01,ARI,WR,24,14,10,0,0,0,0,0,2,3,1.50,0,79,48,621,12.94,6,1,0,6,,,98,146.4,149.4,122.4,,52,
138,Sterling Shepard\ShepSt00,NYG,WR,27,12,12,0,0,0,0,0,6,49,8.17,1,90,66,656,9.94,3,0,0,4,1,,97,162.5,165.5,129.5,,53,
139,Leonard Fournette\FourLe00,TAM,RB,25,13,3,0,0,0,0,0,97,367,3.78,6,47,36,233,6.47,0,0,0,6,,,96,132.0,138.0,114.0,,39,
140,Jamaal Williams\WillJa06,GNB,RB,25,14,3,0,0,0,0,0,119,505,4.24,2,35,31,236,7.61,1,0,0,3,2,,96,127.1,133.1,111.6,,38,
141,Julio Jones\JoneJu02,ATL,WR,31,9,9,0,0,0,0,0,0,0,,0,68,51,771,15.12,3,0,0,3,,,95,146.1,149.1,120.6,,54,
142,Jerick McKinnon\McKiJe00,SFO,RB,28,16,4,0,0,0,0,0,81,319,3.94,5,46,33,253,7.67,1,0,0,6,,,93,126.2,132.2,109.7,,40,
143,Zach Pascal\PascZa00,IND,WR,26,16,14,0,1,0,0,0,0,0,,0,71,44,629,14.30,5,0,0,5,,,93,136.9,139.9,114.9,,55,
144,Tony Pollard\PollTo00,DAL,RB,23,16,2,0,0,0,0,0,101,435,4.31,4,40,28,193,6.89,1,0,0,5,,,93,120.8,126.8,106.8,,41,
145,Cam Akers\AkerCa00,LAR,RB,21,13,5,0,0,0,0,0,145,625,4.31,2,14,11,123,11.18,1,1,1,3,,,91,101.8,108.8,96.3,,42,
146,Darnell Mooney\MoonDa00,CHI,WR,23,16,9,0,0,0,0,0,4,20,5.00,0,98,61,631,10.34,4,1,0,4,1,,91,152.1,155.1,121.6,,56,
147,Darius Slayton\SlayDa01,NYG,WR,23,16,15,0,0,0,0,0,2,-1,-0.50,0,96,50,751,15.02,3,1,1,3,,,91,141.0,145.0,116.0,,57,
148,Jared Cook\CookJa02,NOR,TE,33,15,5,0,0,0,0,0,0,0,,0,60,37,504,13.62,7,1,1,7,,,90,127.4,131.4,108.9,,12,
149,Zack Moss\MossZa00,BUF,RB,23,13,0,0,0,0,0,0,112,481,4.29,4,18,14,95,6.79,1,0,0,5,,,88,101.6,104.6,94.6,,43,
150,Noah Fant\FantNo00,DEN,TE,23,15,14,0,0,0,0,0,0,0,,0,93,62,673,10.85,3,0,0,3,1,,87,149.3,152.3,118.3,,13,
151,Mecole Hardman\HardMe00,KAN,WR,22,16,8,0,0,0,0,0,4,31,7.75,0,62,41,560,13.66,4,2,2,5,1,,87,128.1,133.1,107.6,,58,
152,Malcolm Brown\BrowMa03,LAR,RB,27,16,0,0,0,0,0,0,101,419,4.15,5,33,23,162,7.04,0,1,1,5,,,86,109.1,116.1,97.6,,45,
153,Eric Ebron\EbroEr00,PIT,TE,27,15,9,0,0,0,0,0,0,0,,0,91,56,558,9.96,5,1,1,5,1,,86,141.8,145.8,113.8,,14,
154,Damien Harris\HarrDa06,NWE,RB,23,10,10,0,0,0,0,0,137,691,5.04,2,7,5,52,10.40,0,1,0,2,,,86,91.3,94.3,88.8,,44,
155,Hunter Henry\HenrHu00,LAC,TE,26,14,14,0,0,0,0,0,0,0,,0,93,60,613,10.22,4,0,0,4,,,85,145.3,148.3,115.3,,15,
156,Frank Gore\GoreFr00,NYJ,RB,37,15,14,0,0,0,0,0,187,653,3.49,2,19,16,89,5.56,0,1,1,2,,,84,100.2,104.2,92.2,,46,
157,Tyler Higbee\HigbTy00,LAR,TE,27,15,15,0,0,0,0,0,1,1,1.00,0,60,44,521,11.84,5,0,0,5,1,,84,128.2,131.2,106.2,,16,
158,Rashard Higgins\HiggRa00,CLE,WR,26,13,6,0,0,0,0,0,0,0,,0,52,37,599,16.19,4,3,0,4,,,84,120.9,123.9,102.4,,59,
159,Jakobi Meyers\MeyeJa01,NWE,WR,24,14,9,2,2,43,2,0,2,9,4.50,0,81,59,729,12.36,0,1,1,0,1,,84,142.5,146.5,113.0,,61,
160,David Moore\MoorDa03,SEA,WR,25,16,6,0,0,0,0,0,8,61,7.63,0,47,35,417,11.91,6,1,0,6,,,84,118.8,121.8,101.3,,60,
161,Raheem Mostert\MostRa00,SFO,RB,28,8,8,0,0,0,0,0,104,521,5.01,2,19,16,156,9.75,1,1,1,3,,,84,99.7,106.7,91.7,,47,
162,Dalton Schultz\SchuDa00,DAL,TE,24,16,14,0,0,0,0,0,0,0,,0,89,63,615,9.76,4,1,1,4,,,84,146.5,150.5,115.0,,17,
163,Rex Burkhead\BurkRe00,NWE,RB,30,10,0,0,0,0,0,0,67,274,4.09,3,33,25,192,7.68,3,0,0,6,,,83,107.6,113.6,95.1,,48,
164,Kendrick Bourne\BourKe00,SFO,WR,25,15,5,0,0,0,0,0,0,0,,0,74,49,667,13.61,2,0,0,2,1,,81,129.7,132.7,105.2,,62,
165,Greg Ward\WardGr02,PHI,WR,25,16,10,1,1,15,0,0,2,-4,-2.00,0,79,53,419,7.91,6,2,0,6,1,,80,133.1,136.1,106.6,,63,
166,Joe Mixon\MixoJo00,CIN,RB,24,6,6,0,0,0,0,0,119,428,3.60,3,26,21,138,6.57,1,1,1,4,,,79,99.6,106.6,89.1,,49,
167,Evan Engram *\EngrEv00,NYG,TE,26,16,14,0,0,0,0,0,6,26,4.33,1,109,63,654,10.38,1,1,1,2,,,78,141.0,145.0,109.5,,18,
168,Travis Fulgham\FulgTr00,PHI,WR,25,13,8,0,0,0,0,0,0,0,,0,67,38,539,14.18,4,0,0,4,,,78,115.9,118.9,96.9,,64,
169,George Kittle\KittGe00,SFO,TE,27,8,8,0,0,0,0,0,2,17,8.50,0,63,48,634,13.21,2,0,0,2,,,77,125.1,128.1,101.1,,19,
170,Hunter Renfrow\RenfHu00,LVR,WR,25,16,6,0,0,0,0,0,0,0,,0,77,56,656,11.71,2,2,1,2,,,76,131.6,135.6,103.6,,65,
171,Alexander Mattison\MattAl01,MIN,RB,22,13,2,0,0,0,0,0,96,434,4.52,2,15,13,125,9.62,1,0,0,3,,,74,86.9,92.9,80.4,,50,
172,Christian McCaffrey\McCaCh01,CAR,RB,24,3,3,0,0,0,0,0,59,225,3.81,5,19,17,149,8.76,1,0,0,6,,,73,90.4,96.4,81.9,,51,
173,Antonio Brown\BrowAn04,TAM,WR,32,8,4,0,0,0,0,0,2,-2,-1.00,0,62,45,483,10.73,4,0,0,4,,,72,117.1,120.1,94.6,,67,
174,Josh Reynolds\ReynJo00,LAR,WR,25,16,13,0,0,0,0,0,1,5,5.00,0,81,52,618,11.88,2,2,1,2,,,72,124.3,128.3,98.3,,66,
175,Alex Smith\SmitAl03,WAS,QB,36,8,6,168,252,1582,6,8,10,3,0.30,0,0,0,0,,0,2,0,0,,,72,71.6,82.6,79.6,,36,
176,Boston Scott\ScotBo02,PHI,RB,25,16,4,0,0,0,0,0,80,374,4.68,1,36,25,212,8.48,1,2,0,2,,,71,95.6,101.6,83.1,,52,
177,Dallas Goedert\GoedDa00,PHI,TE,25,11,9,0,0,0,0,0,0,0,,0,65,46,524,11.39,3,0,0,3,,,70,116.4,119.4,93.4,,20,
178,Brian Hill\HillBr02,ATL,RB,25,16,1,0,0,0,0,0,100,465,4.65,1,30,25,199,7.96,0,2,1,1,,,70,95.4,102.4,82.9,,53,
179,Isaiah McKenzie\McKeIs00,BUF,WR,25,16,7,1,1,12,1,0,10,9,0.90,0,34,30,282,9.40,5,0,0,6,,,70,99.6,102.6,84.6,,68,
180,Scott Miller\MillSc01,TAM,WR,23,16,5,0,0,0,0,0,3,14,4.67,0,53,33,501,15.18,3,0,0,3,,,70,102.5,105.5,86.0,,69,
181,Devontae Booker\BookDe00,LVR,RB,28,16,1,0,0,0,0,0,93,423,4.55,3,21,17,84,4.94,0,1,0,3,,,69,85.7,88.7,77.2,,55,
182,Jalen Guyton\GuytJa01,LAC,WR,23,16,9,0,0,0,0,0,2,0,0.00,0,55,28,511,18.25,3,0,0,3,,,69,97.1,100.1,83.1,,72,
183,Carlos Hyde\HydeCa00,SEA,RB,30,10,1,0,0,0,0,0,81,356,4.40,4,20,16,93,5.81,0,1,0,4,,,69,84.9,87.9,76.9,,54,
184,Breshad Perriman\PerrBr02,NYJ,WR,27,12,12,0,0,0,0,0,1,6,6.00,0,60,30,505,16.83,3,0,0,3,,,69,99.1,102.1,84.1,,71,
185,Irv Smith Jr.\SmitIr01,MIN,TE,22,13,7,0,0,0,0,0,0,0,,0,43,30,365,12.17,5,0,0,5,1,,69,98.5,101.5,83.5,,21,
186,Tre'Quan Smith\SmitTr03,NOR,WR,24,14,10,0,0,0,0,0,1,3,3.00,0,50,34,448,13.18,4,1,0,4,,,69,103.1,106.1,86.1,,73,
187,James Washington\WashJa00,PIT,WR,24,16,7,0,0,0,0,0,0,0,,0,56,30,392,13.07,5,0,0,5,,,69,99.2,102.2,84.2,,70,
188,Damiere Byrd\ByrdDa00,NWE,WR,27,16,14,0,0,0,0,0,2,15,7.50,0,77,47,604,12.85,1,3,0,1,,,68,114.9,117.9,91.4,,74,
189,Dwayne Haskins\HaskDw00,WAS,QB,23,7,6,148,241,1439,5,7,20,46,2.30,1,0,0,0,,0,6,3,1,,,68,68.2,81.2,75.2,,37,
190,Austin Hooper\HoopAu00,CLE,TE,26,13,13,0,0,0,0,0,0,0,,0,70,46,435,9.46,4,0,0,4,,,68,113.5,116.5,90.5,,22,
191,Sony Michel\MichSo00,NWE,RB,25,9,6,0,0,0,0,0,79,449,5.68,1,9,7,114,16.29,1,0,0,2,,,68,75.3,81.3,71.8,,56,
192,James White\WhitJa02,NWE,RB,28,14,0,0,0,0,0,0,35,121,3.46,2,62,49,375,7.65,1,1,0,3,,,68,116.6,122.6,92.1,,57,
193,Dan Arnold\ArnoDa00,ARI,TE,25,16,5,0,0,0,0,0,0,0,,0,45,31,438,14.13,4,2,1,4,,,66,96.8,100.8,81.3,,23,
194,Kalen Ballage\BallKa00,2TM,RB,25,11,2,0,0,0,0,0,91,303,3.33,3,37,29,166,5.72,0,1,0,3,,,65,93.9,99.9,79.4,,59,
195,Allen Lazard\LazaAl00,GNB,WR,25,10,9,0,0,0,0,0,2,17,8.50,0,46,33,451,13.67,3,0,0,3,,,65,97.8,100.8,81.3,,75,
196,Benny Snell Jr.\SnelBe00,PIT,RB,22,16,3,0,0,0,0,0,111,368,3.32,4,14,10,61,6.10,0,2,1,4,,,65,74.9,78.9,69.9,,58,
197,Odell Beckham Jr.\BeckOd00,CLE,WR,28,7,7,1,1,18,0,0,3,72,24.00,1,43,23,319,13.87,3,0,0,4,,,64,86.8,89.8,75.3,,77,
198,John Brown\BrowJo02,BUF,WR,30,9,8,0,0,0,0,0,0,0,,0,52,33,458,13.88,3,0,0,3,,,64,96.8,99.8,80.3,,78,
199,Jimmy Garoppolo\GaroJi00,SFO,QB,29,6,6,94,140,1096,7,5,10,25,2.50,0,0,0,0,,0,2,0,0,,,64,64.3,72.3,69.3,,38,
200,A.J. Green\GreeA.00,CIN,WR,32,16,14,0,0,0,0,0,0,0,,0,104,47,523,11.13,2,0,0,2,,,64,111.3,114.3,87.8,,76,
201,Kyle Juszczyk*\JuszKy00,SFO,RB,29,16,15,0,0,0,0,0,17,64,3.76,2,29,19,202,10.63,4,1,0,6,,,63,81.6,84.6,72.1,,60,
202,Demarcus Robinson\RobiDe01,KAN,WR,26,16,9,0,0,0,0,0,0,0,,0,59,45,466,10.36,3,2,1,3,,,63,107.6,111.6,85.1,,79,
203,Randall Cobb\CobbRa00,HOU,WR,30,10,2,0,1,0,0,0,0,0,,0,48,38,441,11.61,3,0,0,3,,,62,100.1,103.1,81.1,,80,
204,Mike Glennon\GlenMi00,JAX,QB,31,5,5,111,179,1072,7,5,6,17,2.83,0,0,0,0,,0,2,2,0,,1,61,60.6,70.6,65.6,,39,
205,Willie Snead\SneaWi00,BAL,WR,28,13,8,0,0,0,0,0,0,0,,0,48,33,432,13.09,3,1,0,3,,,61,94.2,97.2,77.7,,81,
206,Danny Amendola\AmenDa00,DET,WR,35,14,5,0,0,0,0,0,1,2,2.00,0,69,46,602,13.09,0,0,0,0,,,60,106.4,109.4,83.4,,82,
207,Braxton Berrios\BerrBr00,NYJ,WR,25,16,2,0,0,0,0,0,3,29,9.67,0,55,37,394,10.65,3,0,0,3,,,60,97.3,100.3,78.8,,83,
208,KJ Hamler\HamlKJ00,DEN,WR,21,13,4,0,0,0,0,0,9,40,4.44,0,56,30,381,12.70,3,2,0,3,,,60,90.1,93.1,75.1,,84,
209,Tyron Johnson\JohnTy03,LAC,WR,24,12,0,0,0,0,0,0,3,17,5.67,0,26,20,398,19.90,3,0,0,3,,,60,79.5,82.5,69.5,,86,
210,Anthony Miller\MillAn02,CHI,WR,26,16,6,0,0,0,0,0,2,12,6.00,0,76,49,485,9.90,2,2,1,2,,,60,108.7,112.7,84.2,,85,
211,Le'Veon Bell\BellLe00,2TM,RB,28,11,4,0,0,0,0,0,82,328,4.00,2,20,16,138,8.63,0,1,0,2,,,59,74.6,80.6,66.6,,62,
212,Phillip Lindsay\LindPh00,DEN,RB,26,11,8,0,0,0,0,0,118,502,4.25,1,14,7,28,4.00,0,0,0,1,,,59,66.0,69.0,62.5,,61,
213,Michael Pittman Jr.\PittMi01,IND,WR,23,13,8,0,0,0,0,0,3,26,8.67,0,61,40,503,12.58,1,0,0,1,,,59,98.9,101.9,78.9,,87,
214,Salvon Ahmed\AhmeSa01,MIA,RB,22,6,4,0,0,0,0,0,75,319,4.25,3,14,11,61,5.55,0,0,0,3,1,,58,69.0,72.0,63.5,,64,
215,Joshua Kelley\KellJo01,LAC,RB,23,14,0,0,0,0,0,0,111,354,3.19,2,23,23,148,6.43,0,2,2,2,,,58,81.2,89.2,69.7,,63,
216,Henry Ruggs III\RuggHe00,LVR,WR,21,13,12,0,0,0,0,0,9,49,5.44,0,43,26,452,17.38,2,2,2,2,,,58,84.1,89.1,71.1,,88,
217,Chris Conley\ConlCh00,JAX,WR,28,15,4,0,0,0,0,0,0,0,,0,63,40,471,11.78,2,1,1,2,,,57,97.1,101.1,77.1,,89,
218,Preston Williams\WillPr01,MIA,WR,23,8,7,0,0,0,0,0,0,0,,0,35,18,288,16.00,4,0,0,4,2,,57,74.8,77.8,65.8,,90,
219,Duke Johnson\JohnDu00,HOU,RB,27,11,5,0,0,0,0,0,77,235,3.05,1,35,28,249,8.89,1,3,2,2,,,56,84.4,92.4,70.4,,65,
220,Jalen Reagor\ReagJa00,PHI,WR,21,11,11,0,0,0,0,0,4,26,6.50,0,54,31,396,12.77,1,2,0,2,1,,56,87.2,90.2,71.7,,91,
221,Trey Burton\BurtTr01,IND,TE,29,13,4,0,0,0,0,0,2,3,1.50,2,47,28,250,8.93,3,0,0,5,,,55,83.3,86.3,69.3,,24,
222,Darren Fells\FellDa01,HOU,TE,34,16,14,0,0,0,0,0,0,0,,0,28,21,312,14.86,4,0,0,4,,,55,76.2,79.2,65.7,,25,
223,Joe Flacco\FlacJo00,NYJ,QB,35,5,4,74,134,864,6,3,6,22,3.67,0,0,0,0,,0,1,0,0,,,55,54.8,60.8,57.8,,40,
224,Samaje Perine\PeriSa00,CIN,RB,25,16,1,0,0,0,0,0,63,301,4.78,3,12,11,66,6.00,0,0,0,3,,,55,65.7,68.7,60.2,,66,
225,Keke Coutee\CoutKe00,HOU,WR,23,8,4,0,0,0,0,0,0,0,,0,40,33,400,12.12,3,4,3,3,1,,54,87.0,93.0,70.5,,93,
226,Cam Sims\SimsCa00,WAS,WR,24,16,10,0,0,0,0,0,1,5,5.00,0,48,32,477,14.91,1,0,0,1,,,54,86.2,89.2,70.2,,92,
227,Kerryon Johnson\JohnKe06,DET,RB,23,16,2,0,0,0,0,0,52,181,3.48,2,26,19,187,9.84,1,1,1,3,,,53,71.8,78.8,62.3,,67,
228,C.J. Beathard\BeatC.00,SFO,QB,27,6,2,66,104,787,6,0,6,28,4.67,0,0,0,0,,0,3,3,0,,,52,52.3,58.3,52.3,,41,
229,Gerald Everett\EverGe00,LAR,TE,26,16,7,0,0,0,0,0,1,2,2.00,1,62,41,417,10.17,1,1,1,2,,,52,92.9,96.9,72.4,,26,
230,Golden Tate\TateGo00,NYG,WR,32,12,4,1,2,18,0,0,0,0,,0,52,35,388,11.09,2,0,0,2,,,52,86.5,89.5,69.0,,94,
231,Peyton Barber\BarbPe01,WAS,RB,26,16,2,0,0,0,0,0,94,258,2.74,4,7,4,12,3.00,0,0,0,4,,,51,55.0,58.0,53.0,,68,
232,Miles Boykin\BoykMi00,BAL,WR,24,16,13,0,0,0,0,0,0,0,,0,33,19,266,14.00,4,0,0,4,,,51,69.6,72.6,60.1,,96,
233,Jakeem Grant\GranJa00,MIA,WR,28,14,4,0,0,0,0,0,3,20,6.67,0,54,36,373,10.36,1,2,0,2,,,51,87.3,90.3,69.3,,95,
234,Brandon Allen\AlleBr00,CIN,QB,28,5,5,90,142,925,5,4,13,27,2.08,0,1,0,0,,0,1,1,0,,,50,49.7,57.7,53.7,,42,
235,Sammy Watkins\WatkSa00,KAN,WR,27,10,9,0,1,0,0,1,1,3,3.00,0,55,37,421,11.38,2,1,1,2,,,50,87.4,92.4,69.9,,97,
236,Mo Alie-Cox\AlieMo00,IND,TE,27,15,6,0,0,0,0,0,0,0,,0,39,31,394,12.71,2,1,1,2,,,49,80.4,84.4,64.9,,27,
237,Jordan Wilkins\WilkJo01,IND,RB,26,15,0,0,0,0,0,0,84,308,3.67,1,16,12,105,8.75,0,0,0,1,1,,49,61.3,67.3,55.3,,69,
238,Cordarrelle Patterson*+\PattCo00,CHI,WR,29,16,3,0,0,0,0,0,64,232,3.63,1,25,21,132,6.29,0,0,0,2,,,48,69.4,75.4,58.9,,98,
239,Deebo Samuel\SamuDe00,SFO,WR,24,7,5,0,0,0,0,0,8,26,3.25,0,44,33,391,11.85,1,0,0,1,,,48,80.7,83.7,64.2,,99,
240,Jordan Akins\AkinJo00,HOU,TE,28,13,5,0,0,0,0,0,1,4,4.00,0,49,37,403,10.89,1,0,0,1,,,47,83.7,86.7,65.2,,30,
241,Quintez Cephus\CephQu00,DET,WR,22,13,2,0,0,0,0,0,0,0,,0,35,20,349,17.45,2,0,0,2,,,47,66.9,69.9,56.9,,100,
242,Tyler Eifert\EifeTy00,JAX,TE,30,15,4,0,0,0,0,0,0,0,,0,60,36,349,9.69,2,0,0,2,,,47,82.9,85.9,64.9,,29,
243,Larry Fitzgerald\FitzLa00,ARI,WR,37,13,13,0,0,0,0,0,0,0,,0,72,54,409,7.57,1,0,0,1,,,47,100.9,103.9,73.9,,101,
244,Mark Ingram\IngrMa01,BAL,RB,31,11,9,0,0,0,0,0,72,299,4.15,2,8,6,50,8.33,0,0,0,2,,,47,52.9,55.9,49.9,,71,
245,Ty Johnson\JohnTy02,2TM,RB,23,13,1,0,0,0,0,0,54,254,4.70,1,21,16,99,6.19,1,0,0,2,,,47,63.3,66.3,55.3,,70,
246,Jordan Reed\ReedJo02,SFO,TE,30,10,1,0,0,0,0,0,0,0,,0,46,26,231,8.88,4,0,0,4,,,47,73.1,76.1,60.1,,28,
247,Richard Rodgers\RodgRi00,PHI,TE,28,14,4,0,0,0,0,0,0,0,,0,31,24,345,14.38,2,0,0,2,,,47,70.5,73.5,58.5,,31,
248,Kenny Golladay\GollKe00,DET,WR,27,5,5,0,0,0,0,0,0,0,,0,32,20,338,16.90,2,0,0,2,,,46,65.8,68.8,55.8,,102,
249,Justin Jackson\JackJu01,LAC,RB,24,9,4,0,0,0,0,0,59,270,4.58,0,24,19,173,9.11,0,0,0,0,1,,46,65.3,71.3,55.8,,72,
250,Kyle Allen\AlleKy00,WAS,QB,24,4,4,60,87,610,4,1,7,26,3.71,1,0,0,0,,0,1,1,1,,,45,45.0,50.0,46.0,,43,
251,Anthony Firkser\FirkAn00,TEN,TE,25,16,1,0,0,0,0,0,0,0,,0,53,39,387,9.92,1,0,0,1,,,45,83.7,86.7,64.2,,32,
252,Donovan Peoples-Jones\PeopDo00,CLE,WR,21,12,2,0,0,0,0,0,0,0,,0,20,14,304,21.71,2,0,0,2,1,,44,58.4,61.4,51.4,,103,
253,Michael Thomas\ThomMi05,NOR,WR,27,7,5,0,0,0,0,0,1,1,1.00,0,55,40,438,10.95,0,0,0,0,,,44,83.9,86.9,63.9,,104,
254,Chris Herndon\HernCh00,NYJ,TE,24,16,13,0,0,0,0,0,0,0,,0,45,31,287,9.26,3,2,2,3,,,43,73.7,78.7,58.2,,34,
255,Dawson Knox\KnoxDa00,BUF,TE,24,12,7,0,0,0,0,0,0,0,,0,44,24,288,12.00,3,2,2,3,,,43,66.8,71.8,54.8,,33,
256,Zach Ertz\ErtzZa00,PHI,TE,30,11,11,0,0,0,0,0,0,0,,0,72,36,335,9.31,1,0,0,1,1,,42,77.5,80.5,59.5,,35,
257,Marvin Hall\HallMa02,2TM,WR,27,12,6,0,0,0,0,0,1,1,1.00,0,32,18,302,16.78,2,0,0,2,,,42,60.3,63.3,51.3,,105,
258,La'Mical Perine\PeriLa00,NYJ,RB,22,10,0,0,0,0,0,0,64,232,3.63,2,15,11,63,5.73,0,0,0,2,,,42,52.5,55.5,47.0,,73,
259,Jack Doyle\DoylJa00,IND,TE,30,14,12,0,0,0,0,0,0,0,,0,33,23,251,10.91,3,1,1,3,,,41,64.1,68.1,52.6,,36,
260,N'Keal Harry\HarrNK00,NWE,WR,23,14,9,0,0,0,0,0,2,0,0.00,0,57,33,309,9.36,2,1,1,2,,,41,73.9,77.9,57.4,,108,
261,Jacob Hollister\HollJa03,SEA,TE,27,16,5,0,0,0,0,0,0,0,,0,40,25,209,8.36,3,0,0,3,1,,41,65.9,68.9,53.4,,37,
262,Richie James\JameRi00,SFO,WR,25,11,7,0,0,0,0,0,0,0,,0,35,23,394,17.13,1,2,2,1,,,41,64.4,69.4,52.9,,106,
263,Collin Johnson\JohnCo01,JAX,WR,23,14,0,0,0,0,0,0,0,0,,0,31,18,272,15.11,2,0,0,2,1,,41,59.2,62.2,50.2,,107,
264,Cameron Brate\BratCa00,TAM,TE,29,16,1,0,0,0,0,0,0,0,,0,34,28,282,10.07,2,0,0,2,,,40,68.2,71.2,54.2,,38,
265,DeeJay Dallas\DallDe00,SEA,RB,22,12,2,0,0,0,0,0,34,108,3.18,2,20,17,111,6.53,1,0,0,3,,,40,56.9,62.9,48.4,,75,
266,Ito Smith\SmitIt00,ATL,RB,25,14,0,0,0,0,0,0,63,268,4.25,1,26,17,75,4.41,0,1,0,1,,,40,57.3,60.3,48.8,,74,
267,DaeSean Hamilton\HamiDa01,DEN,WR,25,16,2,0,0,0,0,0,0,0,,0,44,23,293,12.74,2,1,1,2,,,39,62.3,66.3,50.8,,109,
268,Drew Sample\SampDr00,CIN,TE,24,16,13,0,0,0,0,0,0,0,,0,53,40,349,8.73,1,1,1,1,,,39,78.9,82.9,58.9,,39,
269,Harrison Bryant\BryaHa00,CLE,TE,22,15,9,0,0,0,0,0,0,0,,0,38,24,238,9.92,3,2,2,3,,,38,61.8,66.8,49.8,,40,
270,AJ Dillon\DillAJ00,GNB,RB,22,11,0,0,0,0,0,0,46,242,5.26,2,2,2,21,10.50,0,0,0,2,,,38,40.3,43.3,39.3,,76,
271,Dion Lewis\LewiDi00,NYG,RB,30,16,0,0,0,0,0,0,29,115,3.97,2,30,19,127,6.68,1,3,2,3,,,38,57.2,65.2,47.7,,77,
272,Denzel Mims\MimsDe00,NYJ,WR,23,9,8,0,0,0,0,0,0,0,,0,44,23,357,15.52,0,0,0,0,1,,38,60.7,63.7,49.2,,110,
273,Alfred Morris\MorrAl00,NYG,RB,32,9,0,0,0,0,0,0,55,238,4.33,1,4,3,19,6.33,1,0,0,2,,,38,40.7,43.7,39.2,,78,
274,Will Dissly\DissWi00,SEA,TE,24,16,12,0,0,0,0,0,0,0,,0,29,24,251,10.46,2,0,0,2,,,37,61.1,64.1,49.1,,42,
275,Kyle Rudolph\RudoKy00,MIN,TE,31,12,12,0,0,0,0,0,0,0,,0,37,28,334,11.93,1,1,1,1,,,37,65.4,69.4,51.4,,41,
276,Darrel Williams\WillDa10,KAN,RB,25,16,0,0,0,0,0,0,39,169,4.33,1,26,18,116,6.44,0,0,0,1,1,,37,54.5,60.5,45.5,,79,
277,Julian Edelman\EdelJu00,NWE,WR,34,6,1,2,2,38,0,0,2,22,11.00,0,39,21,315,15.00,0,0,0,0,,,35,56.2,59.2,45.7,,111,
278,Adam Humphries\HumpAd00,TEN,WR,27,7,1,0,0,0,0,0,0,0,,0,35,23,228,9.91,2,0,0,2,,,35,57.8,60.8,46.3,,112,
279,Cedrick Wilson Jr.\WilsCe01,DAL,WR,25,16,0,2,2,23,1,0,3,-12,-4.00,0,28,17,189,11.12,2,0,0,2,,,35,51.6,54.6,43.1,,113,
280,Andy Isabella\IsabAn00,ARI,WR,24,13,2,0,0,0,0,0,1,-6,-6.00,0,35,21,224,10.67,2,1,0,2,,,34,54.8,57.8,44.3,,114,
281,Cole Kmet\KmetCo00,CHI,TE,21,16,9,0,0,0,0,0,1,-3,-3.00,0,44,28,243,8.68,2,1,1,2,,,34,62.0,66.0,48.0,,43,
282,Donald Parham\ParhDo00,LAC,TE,23,13,5,0,0,0,0,0,0,0,,0,20,10,159,15.90,3,0,0,3,,,34,43.9,46.9,38.9,,44,
283,Matt Breida\BreiMa00,MIA,RB,25,12,1,0,0,0,0,0,59,254,4.31,0,10,9,96,10.67,0,2,1,0,,,33,42.0,46.0,37.5,,80,
284,Devin Duvernay\DuveDe00,BAL,WR,23,16,3,0,0,0,0,0,4,70,17.50,0,26,20,201,10.05,0,0,0,1,,,33,53.1,56.1,43.1,,116,
285,David Njoku\NjokDa00,CLE,TE,24,13,5,0,0,0,0,0,0,0,,0,29,19,213,11.21,2,0,0,2,,,33,52.3,55.3,42.8,,45,
286,Adam Shaheen\ShahAd00,MIA,TE,26,16,5,0,0,0,0,0,0,0,,0,22,12,150,12.50,3,0,0,3,,,33,45.0,48.0,39.0,,46,
287,Durham Smythe\SmytDu00,MIA,TE,25,15,13,0,0,0,0,0,0,0,,0,29,26,208,8.00,2,0,0,2,,,33,58.8,61.8,45.8,,47,
288,Olamide Zaccheaus\ZaccOl01,ATL,WR,23,11,2,0,0,0,0,0,1,0,0.00,0,32,20,274,13.70,1,0,0,1,,,33,53.4,56.4,43.4,,115,
289,Jeremy McNichols\McNiJe00,TEN,RB,25,16,0,0,0,0,0,0,47,204,4.34,1,17,12,55,4.58,0,0,0,1,,,32,43.9,46.9,37.9,,82,
290,Jalen Richard\RichJa01,LVR,RB,27,13,0,0,0,0,0,0,22,123,5.59,1,23,19,138,7.26,0,1,0,1,,,32,51.1,57.1,41.6,,81,
291,Josh Adams\AdamJo03,NYJ,RB,24,8,0,0,0,0,0,0,29,157,5.41,2,8,6,29,4.83,0,0,0,2,,,31,36.6,39.6,33.6,,83,
292,Ross Dwelley\DwelRo00,SFO,TE,25,16,9,0,0,0,0,0,0,0,,0,24,19,245,12.89,1,0,0,1,,,31,49.5,52.5,40.0,,48,
293,DeSean Jackson\JackDe00,PHI,WR,34,5,5,0,0,0,0,0,1,12,12.00,0,26,14,236,16.86,1,0,0,1,,,31,44.8,47.8,37.8,,117,
294,Chad Beebe\BeebCh00,MIN,WR,26,14,0,0,0,0,0,0,0,0,,0,30,20,201,10.05,2,2,1,2,,,30,50.1,54.1,40.1,,119,
295,Jeff Driskel\DrisJe00,DEN,QB,27,3,1,35,64,432,3,2,6,28,4.67,0,0,0,0,,0,0,0,0,,1,30,30.1,35.1,32.1,,44,
296,Chad Hansen\HansCh00,HOU,WR,25,5,2,0,0,0,0,0,0,0,,0,24,17,236,13.88,1,0,0,1,,,30,46.6,49.6,38.1,,120,
297,Jordan Howard\HowaJo00,2TM,RB,26,7,4,0,0,0,0,0,35,60,1.71,4,1,1,-3,-3.00,0,1,0,4,,,30,30.7,30.7,30.2,,84,
298,Tyler Kroft\KrofTy00,BUF,TE,28,10,4,0,0,0,0,0,0,0,,0,16,12,119,9.92,3,0,0,3,,,30,41.9,44.9,35.9,,50,
299,Greg Olsen\OlseGr00,SEA,TE,35,11,8,0,0,0,0,0,0,0,,0,37,24,239,9.96,1,0,0,1,,,30,53.9,56.9,41.9,,49,